Target Feature,MAE,MSE,R2
"('Target', 1301)",0.0125,0.0002,-0.9
"('Target', 1332)",0.0152,0.0004,-0.8
"('Target', 1333)",0.0135,0.0003,-0.5
"('Target', 1375)",0.016,0.0005,-0.5
"('Target', 1376)",0.0153,0.0004,-0.9
"('Target', 1377)",0.0137,0.0004,-0.7
"('Target', 1379)",0.0086,0.0001,-1.3
"('Target', 1381)",0.011,0.0002,-1.6
"('Target', 1407)",0.0385,0.0027,-0.1
"('Target', 1413)",0.0151,0.0006,-0.1
"('Target', 1414)",0.014,0.0003,-1.4
"('Target', 1417)",0.0139,0.0003,-0.9
"('Target', 1419)",0.0206,0.0012,-0.2
"('Target', 1429)",0.0203,0.0008,-0.3
"('Target', 1431)",0.0196,0.0006,-0.3
"('Target', 1435)",0.0228,0.0008,-0.2
"('Target', 1515)",0.0158,0.0004,-0.0
"('Target', 1518)",0.0322,0.0018,-0.0
"('Target', 1605)",0.0237,0.001,-0.2
"('Target', 1662)",0.0191,0.0007,0.1
"('Target', 1663)",0.0129,0.0003,-0.6
"('Target', 1712)",0.0193,0.0006,0.0
"('Target', 1716)",0.0135,0.0003,-0.3
"('Target', 1719)",0.0119,0.0002,-0.9
"('Target', 1720)",0.0114,0.0002,-0.4
"('Target', 1721)",0.0125,0.0002,-0.9
"('Target', 1723)",0.0115,0.0002,-0.3
"('Target', 1726)",0.015,0.0003,-0.4
"('Target', 1762)",0.0101,0.0002,-1.3
"('Target', 1766)",0.0144,0.0003,-0.3
"('Target', 1775)",0.0151,0.0004,-0.5
"('Target', 1780)",0.0076,0.0001,-0.8
"('Target', 1787)",0.0154,0.0005,-0.2
"('Target', 1793)",0.0152,0.0003,-0.3
"('Target', 1799)",0.0149,0.0004,-0.5
"('Target', 1801)",0.0134,0.0003,-0.8
"('Target', 1802)",0.0117,0.0002,-0.8
"('Target', 1803)",0.013,0.0003,-0.8
"('Target', 1805)",0.0114,0.0002,-0.9
"('Target', 1808)",0.014,0.0003,-0.6
"('Target', 1810)",0.0153,0.0004,-0.3
"('Target', 1811)",0.0114,0.0002,-0.4
"('Target', 1812)",0.0136,0.0004,-0.2
"('Target', 1813)",0.0116,0.0003,-0.5
"('Target', 1814)",0.0197,0.0009,-0.2
"('Target', 1815)",0.0105,0.0002,-1.0
"('Target', 1820)",0.0165,0.0004,-0.7
"('Target', 1821)",0.0122,0.0003,-1.0
"('Target', 1822)",0.0154,0.0003,-1.2
"('Target', 1833)",0.0123,0.0002,-1.2
"('Target', 1835)",0.0106,0.0002,-0.5
"('Target', 1852)",0.0102,0.0002,-1.0
"('Target', 1860)",0.014,0.0003,-0.7
"('Target', 1861)",0.0103,0.0002,-0.5
"('Target', 1870)",0.0167,0.0004,-0.4
"('Target', 1871)",0.0104,0.0002,-0.9
"('Target', 1873)",0.0212,0.0008,-0.1
"('Target', 1878)",0.0163,0.0004,-0.6
"('Target', 1879)",0.0132,0.0003,-0.4
"('Target', 1882)",0.0129,0.0003,-0.3
"('Target', 1884)",0.0145,0.0006,-0.3
"('Target', 1885)",0.0153,0.0004,-0.9
"('Target', 1887)",0.0133,0.0003,-1.4
"('Target', 1888)",0.0174,0.0006,-0.4
"('Target', 1890)",0.0094,0.0001,-0.9
"('Target', 1893)",0.0164,0.0005,-0.5
"('Target', 1898)",0.0116,0.0002,-0.9
"('Target', 1899)",0.014,0.0003,-0.7
"('Target', 1911)",0.017,0.0005,-0.2
"('Target', 1914)",0.0214,0.0008,-0.5
"('Target', 1921)",0.0162,0.0004,-0.5
"('Target', 1925)",0.0154,0.0004,-0.9
"('Target', 1926)",0.0139,0.0003,-1.0
"('Target', 1928)",0.0114,0.0002,-0.4
"('Target', 1929)",0.0131,0.0003,-0.2
"('Target', 1930)",0.0157,0.0004,-0.3
"('Target', 1934)",0.0144,0.0003,-0.3
"('Target', 1938)",0.0284,0.0012,-0.1
"('Target', 1939)",0.0137,0.0004,-0.7
"('Target', 1941)",0.0101,0.0002,-1.2
"('Target', 1942)",0.0133,0.0003,-0.8
"('Target', 1944)",0.0158,0.0004,-1.0
"('Target', 1945)",0.0172,0.0006,-0.2
"('Target', 1946)",0.017,0.0005,-0.1
"('Target', 1949)",0.0143,0.0003,-0.6
"('Target', 1950)",0.0141,0.0003,-0.1
"('Target', 1951)",0.012,0.0002,-0.7
"('Target', 1952)",0.0148,0.0004,-0.3
"('Target', 1954)",0.0151,0.0004,-0.5
"('Target', 1959)",0.018,0.0008,-0.3
"('Target', 1961)",0.012,0.0002,-1.5
"('Target', 1963)",0.0197,0.0007,-0.6
"('Target', 1965)",0.0075,0.0001,-2.9
"('Target', 1967)",0.0152,0.0003,-0.3
"('Target', 1968)",0.0137,0.0003,-0.4
"('Target', 1969)",0.014,0.0003,-0.5
"('Target', 1973)",0.0183,0.0005,-0.3
"('Target', 1975)",0.016,0.0004,-0.1
"('Target', 1976)",0.0132,0.0003,-1.3
"('Target', 1979)",0.0162,0.0004,-0.2
"('Target', 1980)",0.0176,0.0005,-0.6
"('Target', 1981)",0.015,0.0005,-0.5
"('Target', 1982)",0.0132,0.0003,-1.6
"('Target', 2001)",0.0105,0.0002,-1.3
"('Target', 2002)",0.0108,0.0002,-0.6
"('Target', 2003)",0.0165,0.0005,-0.6
"('Target', 2004)",0.0096,0.0002,-0.8
"('Target', 2009)",0.0129,0.0003,-0.8
"('Target', 2053)",0.0116,0.0002,-0.5
"('Target', 2060)",0.0119,0.0002,-0.4
"('Target', 2108)",0.0154,0.0004,-0.4
"('Target', 2109)",0.0112,0.0002,-1.3
"('Target', 2114)",0.0106,0.0002,-1.0
"('Target', 2117)",0.0088,0.0001,-1.0
"('Target', 2120)",0.0234,0.0008,-0.3
"('Target', 2121)",0.015,0.0004,-0.3
"('Target', 2124)",0.018,0.0006,-0.1
"('Target', 2127)",0.0279,0.0014,-0.2
"('Target', 2130)",0.031,0.0018,-0.2
"('Target', 2146)",0.0291,0.0013,-0.4
"('Target', 2148)",0.0255,0.0011,-0.3
"('Target', 2150)",0.0409,0.0028,-0.1
"('Target', 2153)",0.0162,0.0004,-0.5
"('Target', 2154)",0.023,0.0009,0.0
"('Target', 2157)",0.0274,0.001,-0.3
"('Target', 2158)",0.0623,0.0062,-0.0
"('Target', 2160)",0.0354,0.0024,-0.1
"('Target', 2168)",0.027,0.0011,-0.3
"('Target', 2170)",0.0256,0.0011,-0.2
"('Target', 2175)",0.0282,0.0012,-0.0
"('Target', 2181)",0.0237,0.001,-0.0
"('Target', 2183)",0.02,0.0006,-0.4
"('Target', 2185)",0.019,0.0008,-0.0
"('Target', 2193)",0.0197,0.0007,-0.2
"('Target', 2198)",0.0111,0.0003,-0.9
"('Target', 2201)",0.0127,0.0003,-0.2
"('Target', 2204)",0.012,0.0002,-1.1
"('Target', 2206)",0.0104,0.0002,-0.3
"('Target', 2207)",0.0107,0.0002,-1.2
"('Target', 2208)",0.0121,0.0002,-1.7
"('Target', 2209)",0.0119,0.0002,-0.2
"('Target', 2211)",0.0121,0.0003,-0.4
"('Target', 2212)",0.0164,0.0005,-0.6
"('Target', 2217)",0.0156,0.0004,-0.6
"('Target', 2220)",0.016,0.0004,-0.9
"('Target', 2221)",0.0107,0.0002,-4.0
"('Target', 2222)",0.0268,0.0011,-0.3
"('Target', 2226)",0.0097,0.0001,-3.5
"('Target', 2229)",0.0136,0.0003,-0.3
"('Target', 2264)",0.0147,0.0003,-0.5
"('Target', 2266)",0.0145,0.0004,-0.5
"('Target', 2267)",0.0148,0.0003,-0.4
"('Target', 2268)",0.0077,0.0001,-5.4
"('Target', 2269)",0.0137,0.0003,-0.5
"('Target', 2270)",0.0134,0.0003,-0.2
"('Target', 2281)",0.0122,0.0003,-0.6
"('Target', 2282)",0.0167,0.0005,-0.4
"('Target', 2288)",0.0105,0.0002,-0.7
"('Target', 2292)",0.0181,0.0006,-0.6
"('Target', 2294)",0.0115,0.0003,-0.2
"('Target', 2296)",0.0101,0.0002,-1.0
"('Target', 2301)",0.0183,0.0006,-0.2
"('Target', 2305)",0.0132,0.0003,-0.9
"('Target', 2307)",0.0393,0.0026,-0.1
"('Target', 2309)",0.0153,0.0005,-0.5
"('Target', 2315)",0.0355,0.0033,-0.0
"('Target', 2317)",0.0247,0.001,-0.4
"('Target', 2325)",0.0095,0.0001,-1.7
"('Target', 2326)",0.0256,0.0011,-0.1
"('Target', 2327)",0.0161,0.0006,-0.2
"('Target', 2329)",0.0129,0.0003,-0.6
"('Target', 2331)",0.0125,0.0002,-0.5
"('Target', 2335)",0.0176,0.0006,-0.3
"('Target', 2337)",0.0193,0.0006,-0.3
"('Target', 2349)",0.013,0.0003,-0.6
"('Target', 2353)",0.0173,0.0004,-0.4
"('Target', 2359)",0.0176,0.0005,-0.2
"('Target', 2371)",0.0213,0.0007,-0.3
"('Target', 2372)",0.0225,0.0013,-0.0
"('Target', 2374)",0.019,0.0006,-0.1
"('Target', 2378)",0.0189,0.0005,-0.5
"('Target', 2379)",0.0286,0.0012,-0.2
"('Target', 2384)",0.0196,0.0006,-0.3
"('Target', 2389)",0.0203,0.0007,-0.4
"('Target', 2393)",0.0115,0.0002,-0.7
"('Target', 2395)",0.031,0.0021,-0.1
"('Target', 2412)",0.0276,0.0013,-0.3
"('Target', 2413)",0.023,0.001,-0.0
"('Target', 2418)",0.0173,0.0005,-0.1
"('Target', 2427)",0.0312,0.0022,-0.0
"('Target', 2429)",0.0196,0.0006,-0.4
"('Target', 2432)",0.0155,0.0004,-0.1
"('Target', 2433)",0.0193,0.0007,-0.2
"('Target', 2440)",0.0194,0.0006,-0.0
"('Target', 2445)",0.0175,0.0004,-0.3
"('Target', 2453)",0.0223,0.0008,-0.2
"('Target', 2461)",0.0122,0.0003,-0.4
"('Target', 2462)",0.0204,0.0006,-0.1
"('Target', 2469)",0.0214,0.0008,-0.2
"('Target', 2471)",0.0263,0.001,-0.0
"('Target', 2475)",0.021,0.0008,-0.4
"('Target', 2477)",0.0273,0.0013,-0.4
"('Target', 2484)",0.0414,0.0027,-0.2
"('Target', 2489)",0.0252,0.0011,-0.1
"('Target', 2491)",0.0285,0.0015,-0.2
"('Target', 2492)",0.0303,0.0014,-0.2
"('Target', 2497)",0.0198,0.0007,-0.1
"('Target', 2498)",0.0182,0.0006,-0.2
"('Target', 2501)",0.0147,0.0003,-0.6
"('Target', 2502)",0.015,0.0004,-0.3
"('Target', 2503)",0.0137,0.0003,-0.7
"('Target', 2531)",0.0142,0.0003,-0.3
"('Target', 2533)",0.0168,0.0004,-0.5
"('Target', 2540)",0.0123,0.0003,-3.3
"('Target', 2573)",0.0093,0.0001,-2.1
"('Target', 2579)",0.0127,0.0003,-0.1
"('Target', 2587)",0.0137,0.0003,-0.7
"('Target', 2588)",0.0188,0.0006,-0.1
"('Target', 2590)",0.0139,0.0003,-0.7
"('Target', 2593)",0.0128,0.0003,-0.1
"('Target', 2594)",0.0101,0.0002,-0.8
"('Target', 2602)",0.0118,0.0002,-2.0
"('Target', 2607)",0.0143,0.0004,-0.9
"('Target', 2612)",0.011,0.0002,-0.5
"('Target', 2613)",0.0113,0.0002,-1.0
"('Target', 2651)",0.0141,0.0003,-0.7
"('Target', 2653)",0.0115,0.0002,-0.8
"('Target', 2659)",0.0128,0.0003,-0.6
"('Target', 2664)",0.0101,0.0002,-0.4
"('Target', 2669)",0.0087,0.0001,-10.6
"('Target', 2670)",0.0138,0.0003,-0.3
"('Target', 2676)",0.0227,0.0008,-0.4
"('Target', 2678)",0.0214,0.0007,-0.3
"('Target', 2681)",0.0181,0.001,-0.3
"('Target', 2685)",0.017,0.0005,-0.4
"('Target', 2686)",0.017,0.0007,-0.1
"('Target', 2692)",0.0143,0.0003,-0.9
"('Target', 2694)",0.0114,0.0002,-0.3
"('Target', 2695)",0.0189,0.0006,-0.4
"('Target', 2698)",0.0145,0.0004,-0.1
"('Target', 2702)",0.0091,0.0002,-0.7
"('Target', 2705)",0.0097,0.0002,-1.7
"('Target', 2715)",0.0135,0.0003,-0.1
"('Target', 2726)",0.0147,0.0003,-0.3
"('Target', 2729)",0.0101,0.0002,-227.6
"('Target', 2730)",0.0136,0.0003,-1.2
"('Target', 2733)",0.0141,0.0003,-0.6
"('Target', 2734)",0.0121,0.0002,-0.9
"('Target', 2737)",0.022,0.0009,-0.2
"('Target', 2742)",0.0161,0.0005,-1.4
"('Target', 2749)",0.0139,0.0003,-0.2
"('Target', 2751)",0.0105,0.0002,-1.7
"('Target', 2752)",0.0127,0.0003,-1.0
"('Target', 2753)",0.0112,0.0002,-1.4
"('Target', 2760)",0.0188,0.0005,-0.1
"('Target', 2761)",0.0113,0.0003,-0.4
"('Target', 2763)",0.012,0.0003,-0.8
"('Target', 2767)",0.0248,0.0011,-0.4
"('Target', 2768)",0.0129,0.0003,-0.6
"('Target', 2780)",0.0357,0.0019,-0.1
"('Target', 2782)",0.0142,0.0004,-0.3
"('Target', 2784)",0.0151,0.0004,-0.6
"('Target', 2790)",0.0121,0.0003,-1.3
"('Target', 2791)",0.0183,0.0005,-0.4
"('Target', 2792)",0.0112,0.0002,-0.6
"('Target', 2801)",0.017,0.0004,0.1
"('Target', 2802)",0.0145,0.0004,-0.6
"('Target', 2804)",0.0143,0.0003,-0.3
"('Target', 2805)",0.0088,0.0001,-1.5
"('Target', 2806)",0.0089,0.0002,-2.2
"('Target', 2809)",0.0143,0.0004,-0.8
"('Target', 2810)",0.0111,0.0002,-0.6
"('Target', 2811)",0.013,0.0002,-0.5
"('Target', 2814)",0.0108,0.0002,-1.2
"('Target', 2815)",0.0138,0.0003,-0.4
"('Target', 2819)",0.0126,0.0003,-0.6
"('Target', 2830)",0.0097,0.0001,-5.0
"('Target', 2831)",0.0075,0.0001,-1.9
"('Target', 2871)",0.0137,0.0003,-0.8
"('Target', 2874)",0.0106,0.0002,-0.7
"('Target', 2875)",0.0163,0.0004,-0.6
"('Target', 2882)",0.012,0.0002,-0.6
"('Target', 2884)",0.025,0.001,-0.3
"('Target', 2897)",0.0151,0.0004,-0.6
"('Target', 2899)",0.0102,0.0002,-0.4
"('Target', 2904)",0.0134,0.0004,-0.3
"('Target', 2908)",0.0089,0.0001,-0.9
"('Target', 2910)",0.013,0.0003,-0.6
"('Target', 2914)",0.0129,0.0003,-1.3
"('Target', 2915)",0.0175,0.0004,-0.3
"('Target', 2918)",0.0163,0.0005,-0.2
"('Target', 2922)",0.0089,0.0001,-1.0
"('Target', 2923)",0.0132,0.0003,-0.5
"('Target', 2925)",0.0177,0.0005,-0.2
"('Target', 2929)",0.032,0.0015,-0.1
"('Target', 2930)",0.0232,0.0009,-0.3
"('Target', 2931)",0.0204,0.0007,-0.1
"('Target', 2932)",0.0223,0.001,-0.1
"('Target', 2975)",0.0211,0.0007,-0.3
"('Target', 2980)",0.0404,0.0026,-0.1
"('Target', 2987)",0.0401,0.0023,-0.2
"('Target', 3001)",0.0174,0.0006,-0.2
"('Target', 3002)",0.0139,0.0003,-1.0
"('Target', 3003)",0.0147,0.0004,-0.2
"('Target', 3028)",0.017,0.0005,-0.2
"('Target', 3031)",0.0344,0.0017,-0.1
"('Target', 3034)",0.017,0.0005,-0.6
"('Target', 3036)",0.0187,0.0005,-0.2
"('Target', 3038)",0.022,0.0008,-0.2
"('Target', 3040)",0.0281,0.0012,-0.2
"('Target', 3046)",0.0132,0.0003,-0.4
"('Target', 3048)",0.013,0.0003,-0.4
"('Target', 3050)",0.0108,0.0002,-0.7
"('Target', 3064)",0.0232,0.0008,-0.2
"('Target', 3075)",0.0098,0.0001,-2.8
"('Target', 3076)",0.0185,0.0006,-0.8
"('Target', 3085)",0.0123,0.0003,-1.2
"('Target', 3086)",0.0146,0.0004,0.0
"('Target', 3087)",0.0112,0.0002,-0.4
"('Target', 3088)",0.0174,0.0005,-0.7
"('Target', 3091)",0.0132,0.0003,-0.7
"('Target', 3092)",0.021,0.0008,-0.3
"('Target', 3097)",0.0196,0.0006,-0.2
"('Target', 3099)",0.0155,0.0004,-0.1
"('Target', 3101)",0.015,0.0004,-0.9
"('Target', 3103)",0.0171,0.0005,-0.6
"('Target', 3104)",0.0145,0.0004,-0.4
"('Target', 3105)",0.0162,0.0005,-0.9
"('Target', 3106)",0.0138,0.0003,-0.6
"('Target', 3107)",0.0212,0.0007,-0.4
"('Target', 3110)",0.0199,0.0006,-0.1
"('Target', 3116)",0.0193,0.0007,-0.1
"('Target', 3132)",0.0173,0.0006,-0.2
"('Target', 3134)",0.0322,0.002,-0.1
"('Target', 3139)",0.0159,0.0004,-0.4
"('Target', 3141)",0.0168,0.0004,-0.5
"('Target', 3148)",0.0141,0.0003,-0.5
"('Target', 3150)",0.0294,0.0015,0.0
"('Target', 3151)",0.0124,0.0002,-0.2
"('Target', 3153)",0.0138,0.0003,-1.1
"('Target', 3154)",0.018,0.0006,-0.1
"('Target', 3156)",0.0118,0.0002,-1.0
"('Target', 3157)",0.0188,0.0005,-0.2
"('Target', 3159)",0.0128,0.0003,-0.7
"('Target', 3166)",0.0093,0.0001,-0.5
"('Target', 3167)",0.0116,0.0002,-1.6
"('Target', 3176)",0.0101,0.0002,-0.2
"('Target', 3178)",0.0116,0.0002,0.1
"('Target', 3179)",0.0379,0.0024,-0.2
"('Target', 3180)",0.0289,0.0013,-0.1
"('Target', 3182)",0.0297,0.0014,-0.1
"('Target', 3183)",0.0117,0.0002,-0.9
"('Target', 3186)",0.033,0.0028,-0.3
"('Target', 3191)",0.0148,0.0004,-0.7
"('Target', 3193)",0.019,0.0006,-0.4
"('Target', 3196)",0.0125,0.0003,-1.7
"('Target', 3197)",0.0117,0.0003,-0.6
"('Target', 3198)",0.0134,0.0003,-0.5
"('Target', 3199)",0.0112,0.0002,-0.7
"('Target', 3201)",0.0151,0.0003,-1.0
"('Target', 3221)",0.0189,0.0007,-0.5
"('Target', 3222)",0.0113,0.0002,-0.3
"('Target', 3228)",0.0162,0.0005,-1.0
"('Target', 3231)",0.0148,0.0004,-0.4
"('Target', 3232)",0.0151,0.0004,-0.6
"('Target', 3244)",0.014,0.0003,-0.3
"('Target', 3245)",0.0127,0.0003,-0.3
"('Target', 3252)",0.0114,0.0002,-0.7
"('Target', 3254)",0.0173,0.0005,-0.1
"('Target', 3264)",0.02,0.0006,-0.3
"('Target', 3276)",0.014,0.0003,-0.8
"('Target', 3284)",0.015,0.0004,-0.9
"('Target', 3288)",0.0192,0.0006,-0.3
"('Target', 3289)",0.0173,0.0005,-0.2
"('Target', 3291)",0.017,0.0006,-0.1
"('Target', 3302)",0.019,0.0007,-0.4
"('Target', 3315)",0.0179,0.0006,-0.0
"('Target', 3319)",0.0235,0.0008,-0.1
"('Target', 3328)",0.0316,0.0015,-0.2
"('Target', 3333)",0.0124,0.0003,-0.3
"('Target', 3341)",0.0132,0.0003,-0.1
"('Target', 3349)",0.0167,0.0004,-0.4
"('Target', 3355)",0.0214,0.0007,-0.2
"('Target', 3360)",0.014,0.0004,0.0
"('Target', 3361)",0.0175,0.0005,-0.3
"('Target', 3371)",0.0285,0.0011,-0.1
"('Target', 3377)",0.0307,0.0018,-0.0
"('Target', 3382)",0.0137,0.0003,-0.1
"('Target', 3387)",0.0198,0.0007,-0.3
"('Target', 3388)",0.0171,0.0009,-0.2
"('Target', 3391)",0.016,0.0004,-0.4
"('Target', 3395)",0.0126,0.0002,-1.1
"('Target', 3397)",0.0182,0.0007,-0.4
"('Target', 3401)",0.0127,0.0003,-0.4
"('Target', 3402)",0.0166,0.0005,-0.4
"('Target', 3405)",0.0153,0.0004,-0.5
"('Target', 3407)",0.0158,0.0004,-0.3
"('Target', 3415)",0.0305,0.0013,-0.3
"('Target', 3421)",0.0121,0.0002,-1.1
"('Target', 3431)",0.0178,0.0007,-0.2
"('Target', 3433)",0.019,0.0005,-0.2
"('Target', 3436)",0.0236,0.0009,-0.2
"('Target', 3443)",0.0161,0.0004,-0.4
"('Target', 3445)",0.03,0.0014,-0.0
"('Target', 3449)",0.0093,0.0002,0.1
"('Target', 3457)",0.0203,0.0006,-0.6
"('Target', 3458)",0.0188,0.0005,-0.3
"('Target', 3465)",0.0284,0.0014,-0.1
"('Target', 3475)",0.0215,0.001,-0.2
"('Target', 3479)",0.0333,0.0017,-0.2
"('Target', 3480)",0.0217,0.0011,-0.3
"('Target', 3482)",0.0346,0.0021,-0.2
"('Target', 3484)",0.0158,0.0004,-0.4
"('Target', 3491)",0.0376,0.0026,-0.1
"('Target', 3496)",0.0358,0.002,0.0
"('Target', 3498)",0.031,0.0018,-0.2
"('Target', 3539)",0.0126,0.0003,-0.4
"('Target', 3540)",0.0257,0.0011,-0.1
"('Target', 3543)",0.0113,0.0002,-2.1
"('Target', 3546)",0.0134,0.0003,-0.3
"('Target', 3547)",0.0162,0.0004,0.1
"('Target', 3548)",0.0154,0.0004,-0.5
"('Target', 3549)",0.016,0.0004,-0.3
"('Target', 3553)",0.017,0.0004,-0.6
"('Target', 3558)",0.0337,0.0016,-0.1
"('Target', 3561)",0.0143,0.0003,-0.7
"('Target', 3563)",0.0241,0.001,-0.3
"('Target', 3569)",0.0174,0.0005,-0.3
"('Target', 3580)",0.0164,0.0005,-0.2
"('Target', 3591)",0.015,0.0004,-0.7
"('Target', 3593)",0.0159,0.0004,-0.9
"('Target', 3597)",0.0101,0.0002,-1.3
"('Target', 3608)",0.0198,0.0006,-0.2
"('Target', 3612)",0.0185,0.0006,-0.0
"('Target', 3626)",0.0204,0.0007,-0.5
"('Target', 3628)",0.0402,0.0033,-0.1
"('Target', 3632)",0.0261,0.0011,0.0
"('Target', 3635)",0.0207,0.0006,-0.2
"('Target', 3636)",0.0132,0.0003,-0.8
"('Target', 3648)",0.016,0.0004,-0.9
"('Target', 3649)",0.0252,0.0012,-0.2
"('Target', 3656)",0.0255,0.0009,-0.2
"('Target', 3657)",0.0156,0.0004,-0.4
"('Target', 3659)",0.0229,0.0008,-0.2
"('Target', 3660)",0.0262,0.0011,-0.1
"('Target', 3662)",0.0208,0.0009,0.0
"('Target', 3663)",0.0353,0.0023,-0.1
"('Target', 3665)",0.0258,0.0016,-0.1
"('Target', 3668)",0.0148,0.0004,-0.2
"('Target', 3673)",0.0228,0.0009,-0.5
"('Target', 3675)",0.0451,0.0031,-0.1
"('Target', 3676)",0.0347,0.0018,-0.1
"('Target', 3677)",0.0185,0.0005,-0.3
"('Target', 3678)",0.0305,0.0018,-0.2
"('Target', 3679)",0.0262,0.001,-0.4
"('Target', 3681)",0.0317,0.0018,-0.0
"('Target', 3687)",0.025,0.001,-0.1
"('Target', 3688)",0.0247,0.0015,-0.2
"('Target', 3694)",0.0297,0.0014,-0.1
"('Target', 3696)",0.0329,0.0021,-0.0
"('Target', 3697)",0.0352,0.0024,0.0
"('Target', 3708)",0.0182,0.0006,-0.5
"('Target', 3733)",0.0242,0.0011,-0.0
"('Target', 3738)",0.0127,0.0002,-1.5
"('Target', 3762)",0.0259,0.0013,0.0
"('Target', 3763)",0.019,0.0006,-0.3
"('Target', 3765)",0.0209,0.0008,-0.3
"('Target', 3769)",0.027,0.0012,0.0
"('Target', 3771)",0.0178,0.0005,-0.2
"('Target', 3772)",0.0315,0.0015,-0.2
"('Target', 3774)",0.023,0.0008,-0.1
"('Target', 3778)",0.018,0.0005,-0.3
"('Target', 3784)",0.0291,0.0015,-0.0
"('Target', 3788)",0.036,0.002,-0.1
"('Target', 3798)",0.0348,0.0019,-0.2
"('Target', 3800)",0.0088,0.0001,-3.8
"('Target', 3817)",0.0106,0.0002,-0.4
"('Target', 3825)",0.0645,0.007,-0.1
"('Target', 3834)",0.0138,0.0003,-0.1
"('Target', 3835)",0.0237,0.001,-0.3
"('Target', 3836)",0.0278,0.0013,-0.0
"('Target', 3837)",0.023,0.0008,-0.5
"('Target', 3843)",0.0213,0.001,-0.3
"('Target', 3844)",0.0247,0.0011,-0.1
"('Target', 3853)",0.0383,0.0023,-0.1
"('Target', 3854)",0.0238,0.0008,-0.1
"('Target', 3856)",0.0487,0.0035,-0.1
"('Target', 3857)",0.0199,0.0008,-0.2
"('Target', 3861)",0.0137,0.0003,-0.5
"('Target', 3863)",0.0143,0.0004,-0.5
"('Target', 3865)",0.0157,0.0005,-0.4
"('Target', 3880)",0.0174,0.0005,-0.3
"('Target', 3891)",0.028,0.0012,-0.1
"('Target', 3900)",0.0309,0.0016,-0.0
"('Target', 3901)",0.0271,0.0011,-0.3
"('Target', 3902)",0.0329,0.0017,-0.0
"('Target', 3903)",0.0303,0.0013,-0.2
"('Target', 3906)",0.0336,0.0021,-0.0
"('Target', 3914)",0.0364,0.0022,-0.2
"('Target', 3915)",0.0282,0.0014,-0.2
"('Target', 3916)",0.0248,0.0009,-0.5
"('Target', 3919)",0.0159,0.0005,-0.3
"('Target', 3921)",0.0226,0.0007,0.1
"('Target', 3922)",0.0284,0.0014,-0.3
"('Target', 3923)",0.0397,0.0032,-0.0
"('Target', 3925)",0.0317,0.0019,-0.1
"('Target', 3926)",0.0375,0.0023,-0.1
"('Target', 3932)",0.0214,0.0008,-0.5
"('Target', 3934)",0.0212,0.0008,-0.0
"('Target', 3937)",0.0354,0.0024,-0.1
"('Target', 3939)",0.0224,0.0008,-0.1
"('Target', 3941)",0.0151,0.0004,-0.3
"('Target', 3946)",0.0106,0.0002,-0.4
"('Target', 3950)",0.0152,0.0004,-0.5
"('Target', 3951)",0.0105,0.0002,-1.5
"('Target', 3962)",0.0363,0.0019,-0.1
"('Target', 3964)",0.0237,0.0008,-0.4
"('Target', 3966)",0.0346,0.0019,-0.3
"('Target', 3969)",0.0217,0.0007,-0.1
"('Target', 3978)",0.0294,0.0016,-0.1
"('Target', 3983)",0.0258,0.0011,-0.1
"('Target', 3984)",0.0275,0.0011,-0.1
"('Target', 3990)",0.036,0.0025,-0.1
"('Target', 3993)",0.0367,0.0019,-0.1
"('Target', 3994)",0.0405,0.0028,-0.0
"('Target', 4004)",0.0191,0.0006,-0.2
"('Target', 4005)",0.0142,0.0003,-0.5
"('Target', 4008)",0.0164,0.0004,-0.4
"('Target', 4021)",0.0203,0.0006,-0.5
"('Target', 4023)",0.0203,0.0007,-0.3
"('Target', 4025)",0.0231,0.0009,-0.3
"('Target', 4026)",0.0332,0.0017,-0.0
"('Target', 4027)",0.0171,0.0005,-0.2
"('Target', 4028)",0.0214,0.0007,-0.2
"('Target', 4041)",0.0156,0.0004,-0.7
"('Target', 4042)",0.0143,0.0003,-0.4
"('Target', 4043)",0.0157,0.0004,-0.5
"('Target', 4044)",0.0119,0.0002,-0.6
"('Target', 4045)",0.0113,0.0002,-0.4
"('Target', 4046)",0.0131,0.0003,0.1
"('Target', 4047)",0.0188,0.0006,-0.2
"('Target', 4051)",0.0381,0.0024,-0.3
"('Target', 4053)",0.0323,0.0016,-0.1
"('Target', 4054)",0.0336,0.0018,-0.1
"('Target', 4056)",0.0466,0.0049,-0.0
"('Target', 4058)",0.0305,0.0013,0.0
"('Target', 4061)",0.0177,0.0006,-0.4
"('Target', 4062)",0.0275,0.0012,-0.2
"('Target', 4063)",0.0184,0.0006,-0.2
"('Target', 4078)",0.0168,0.0004,-0.5
"('Target', 4080)",0.0428,0.0028,-0.1
"('Target', 4082)",0.0231,0.0009,-0.3
"('Target', 4088)",0.0142,0.0003,-0.4
"('Target', 4091)",0.0177,0.0005,-0.4
"('Target', 4092)",0.0182,0.0005,-0.5
"('Target', 4094)",0.016,0.0004,-0.6
"('Target', 4095)",0.0151,0.0004,-0.2
"('Target', 4097)",0.0152,0.0004,-0.2
"('Target', 4099)",0.0154,0.0004,-1.1
"('Target', 4100)",0.0344,0.0017,-0.1
"('Target', 4107)",0.017,0.0005,-0.3
"('Target', 4109)",0.0166,0.0005,-0.7
"('Target', 4112)",0.0217,0.0007,-0.1
"('Target', 4113)",0.0246,0.001,-0.2
"('Target', 4114)",0.0152,0.0004,-0.4
"('Target', 4116)",0.014,0.0004,-0.7
"('Target', 4118)",0.0149,0.0003,-0.5
"('Target', 4151)",0.0164,0.0004,-0.5
"('Target', 4165)",0.0466,0.0038,-0.1
"('Target', 4167)",0.038,0.0022,-0.0
"('Target', 4168)",0.0432,0.0028,-0.1
"('Target', 4169)",0.05,0.0043,-0.1
"('Target', 4182)",0.0141,0.0003,-0.1
"('Target', 4183)",0.0175,0.0005,-0.4
"('Target', 4185)",0.0198,0.0006,-0.2
"('Target', 4186)",0.0216,0.0008,-0.3
"('Target', 4187)",0.0283,0.001,-0.2
"('Target', 4188)",0.015,0.0004,-0.4
"('Target', 4189)",0.018,0.0006,-0.2
"('Target', 4202)",0.0163,0.0004,-0.4
"('Target', 4203)",0.0224,0.0007,-0.4
"('Target', 4204)",0.0166,0.0005,-0.4
"('Target', 4205)",0.0201,0.0007,-0.3
"('Target', 4206)",0.0118,0.0002,-0.6
"('Target', 4208)",0.0122,0.0002,-0.3
"('Target', 4212)",0.0131,0.0003,-1.0
"('Target', 4215)",0.0107,0.0002,-0.9
"('Target', 4216)",0.021,0.0009,-0.4
"('Target', 4218)",0.0124,0.0003,-0.5
"('Target', 4220)",0.0162,0.0004,-0.5
"('Target', 4221)",0.0145,0.0004,-0.3
"('Target', 4228)",0.0131,0.0003,-0.8
"('Target', 4229)",0.02,0.0006,0.0
"('Target', 4235)",0.0428,0.0035,-0.0
"('Target', 4238)",0.0294,0.0013,-0.3
"('Target', 4246)",0.015,0.0004,-0.2
"('Target', 4249)",0.018,0.0005,-0.5
"('Target', 4251)",0.0332,0.0016,-0.1
"('Target', 4272)",0.0129,0.0003,-0.4
"('Target', 4275)",0.0163,0.0004,-0.2
"('Target', 4286)",0.0246,0.001,-0.2
"('Target', 4290)",0.0177,0.0004,-0.3
"('Target', 4293)",0.0283,0.0013,-0.2
"('Target', 4298)",0.0196,0.0005,-0.4
"('Target', 4301)",0.0144,0.0003,-0.4
"('Target', 4307)",0.0219,0.0008,-0.4
"('Target', 4308)",0.0319,0.0017,-0.1
"('Target', 4310)",0.0331,0.0025,-0.0
"('Target', 4312)",0.0179,0.0005,-0.2
"('Target', 4318)",0.025,0.0014,-0.2
"('Target', 4323)",0.0267,0.0012,0.0
"('Target', 4324)",0.0176,0.0006,-0.1
"('Target', 4326)",0.0228,0.0009,-0.3
"('Target', 4327)",0.0134,0.0003,-0.9
"('Target', 4337)",0.0212,0.0007,-0.3
"('Target', 4343)",0.016,0.0004,0.1
"('Target', 4344)",0.0266,0.001,-0.1
"('Target', 4345)",0.0192,0.0006,-0.5
"('Target', 4348)",0.0231,0.0009,-0.2
"('Target', 4350)",0.0203,0.0008,-0.0
"('Target', 4362)",0.0227,0.001,-0.1
"('Target', 4365)",0.0099,0.0002,-0.4
"('Target', 4368)",0.0203,0.0006,-0.1
"('Target', 4369)",0.0229,0.0008,-0.1
"('Target', 4382)",0.031,0.0014,-0.1
"('Target', 4384)",0.0343,0.0018,-0.1
"('Target', 4385)",0.0309,0.0014,-0.0
"('Target', 4390)",0.0267,0.0012,-0.1
"('Target', 4401)",0.0179,0.0005,-0.3
"('Target', 4403)",0.0161,0.0004,-0.4
"('Target', 4410)",0.0149,0.0003,-0.8
"('Target', 4423)",0.0148,0.0003,-0.7
"('Target', 4425)",0.0414,0.0028,-0.1
"('Target', 4431)",0.0313,0.0015,-0.1
"('Target', 4433)",0.033,0.0016,-0.1
"('Target', 4434)",0.0296,0.0015,-0.1
"('Target', 4435)",0.0473,0.0033,-0.1
"('Target', 4436)",0.0338,0.002,-0.1
"('Target', 4443)",0.0405,0.0027,-0.2
"('Target', 4446)",0.029,0.0013,-0.1
"('Target', 4448)",0.0362,0.002,-0.1
"('Target', 4449)",0.0363,0.0024,-0.1
"('Target', 4452)",0.0133,0.0003,-0.8
"('Target', 4461)",0.0173,0.0005,-0.3
"('Target', 4462)",0.0165,0.0004,-0.5
"('Target', 4463)",0.0158,0.0004,-0.5
"('Target', 4464)",0.0108,0.0002,-1.4
"('Target', 4471)",0.0111,0.0002,-0.1
"('Target', 4475)",0.0481,0.0043,-0.1
"('Target', 4477)",0.0389,0.0025,0.0
"('Target', 4478)",0.0396,0.0027,-0.0
"('Target', 4479)",0.0324,0.0023,-0.2
"('Target', 4480)",0.0402,0.0024,0.1
"('Target', 4481)",0.0226,0.0008,-0.1
"('Target', 4482)",0.0332,0.0018,-0.1
"('Target', 4483)",0.0368,0.0025,-0.1
"('Target', 4485)",0.0382,0.0024,-0.2
"('Target', 4488)",0.0368,0.0022,-0.2
"('Target', 4490)",0.039,0.0023,-0.1
"('Target', 4493)",0.0455,0.004,0.0
"('Target', 4495)",0.0256,0.0013,-0.1
"('Target', 4499)",0.0329,0.0015,-0.0
"('Target', 4502)",0.0117,0.0002,-1.1
"('Target', 4503)",0.0151,0.0004,-0.7
"('Target', 4506)",0.0181,0.0005,-0.4
"('Target', 4507)",0.0197,0.0008,-0.1
"('Target', 4516)",0.0145,0.0003,-0.7
"('Target', 4519)",0.0199,0.0007,-0.6
"('Target', 4521)",0.0129,0.0003,-1.2
"('Target', 4523)",0.0151,0.0004,-0.2
"('Target', 4526)",0.0129,0.0003,-0.8
"('Target', 4527)",0.0141,0.0004,-0.3
"('Target', 4528)",0.0128,0.0002,-1.5
"('Target', 4530)",0.0217,0.0008,-0.3
"('Target', 4534)",0.0155,0.0004,-0.7
"('Target', 4536)",0.0149,0.0004,-0.7
"('Target', 4538)",0.018,0.0005,-0.4
"('Target', 4540)",0.0157,0.0004,-0.8
"('Target', 4541)",0.0178,0.0005,-0.5
"('Target', 4543)",0.02,0.0007,-0.2
"('Target', 4544)",0.0146,0.0003,-0.3
"('Target', 4547)",0.0171,0.0005,-1.1
"('Target', 4548)",0.0131,0.0003,-0.5
"('Target', 4549)",0.0142,0.0003,-0.4
"('Target', 4550)",0.0164,0.0005,-0.5
"('Target', 4551)",0.0167,0.0006,-0.1
"('Target', 4552)",0.023,0.0008,-0.2
"('Target', 4553)",0.0179,0.0005,-0.4
"('Target', 4554)",0.0125,0.0003,-0.6
"('Target', 4559)",0.0105,0.0002,-0.3
"('Target', 4563)",0.0261,0.0011,-0.1
"('Target', 4565)",0.021,0.0007,-0.1
"('Target', 4568)",0.0199,0.0007,-0.1
"('Target', 4569)",0.0123,0.0002,-1.4
"('Target', 4571)",0.021,0.0007,-0.1
"('Target', 4572)",0.0272,0.0027,-0.0
"('Target', 4574)",0.026,0.0012,0.1
"('Target', 4577)",0.016,0.0004,-0.4
"('Target', 4578)",0.0123,0.0002,-0.4
"('Target', 4579)",0.0262,0.0018,-0.1
"('Target', 4581)",0.0136,0.0003,0.0
"('Target', 4582)",0.0454,0.0045,-0.1
"('Target', 4584)",0.0326,0.0018,-0.2
"('Target', 4587)",0.0278,0.0012,0.0
"('Target', 4592)",0.0496,0.005,-0.1
"('Target', 4593)",0.0281,0.0015,-0.1
"('Target', 4595)",0.0278,0.0013,-0.3
"('Target', 4599)",0.0551,0.0108,-0.1
"('Target', 4611)",0.0097,0.0002,-0.2
"('Target', 4612)",0.0267,0.0014,0.0
"('Target', 4613)",0.0149,0.0004,-0.7
"('Target', 4617)",0.0162,0.0004,-0.7
"('Target', 4619)",0.0157,0.0004,-0.7
"('Target', 4620)",0.0179,0.0005,-0.4
"('Target', 4621)",0.0123,0.0002,-0.7
"('Target', 4626)",0.0207,0.0007,-0.3
"('Target', 4628)",0.0111,0.0002,-0.5
"('Target', 4631)",0.0176,0.0006,-0.4
"('Target', 4633)",0.0129,0.0002,-0.2
"('Target', 4634)",0.0101,0.0002,-0.5
"('Target', 4636)",0.0217,0.0008,-0.4
"('Target', 4641)",0.0151,0.0005,-0.2
"('Target', 4658)",0.0103,0.0002,-1.3
"('Target', 4659)",0.0175,0.0007,-0.0
"('Target', 4661)",0.0167,0.0005,0.0
"('Target', 4662)",0.0143,0.0003,-0.4
"('Target', 4665)",0.0114,0.0002,-1.1
"('Target', 4666)",0.0239,0.0009,-0.2
"('Target', 4668)",0.0114,0.0002,-1.1
"('Target', 4671)",0.0124,0.0002,-0.4
"('Target', 4674)",0.0226,0.0008,-0.1
"('Target', 4676)",0.0145,0.0003,-0.5
"('Target', 4680)",0.0253,0.001,0.0
"('Target', 4681)",0.0179,0.0005,-0.3
"('Target', 4684)",0.0182,0.0005,-0.4
"('Target', 4686)",0.0233,0.001,-0.2
"('Target', 4687)",0.0226,0.0008,-0.2
"('Target', 4689)",0.0206,0.0008,-0.2
"('Target', 4694)",0.0207,0.0006,-0.5
"('Target', 4699)",0.0107,0.0016,0.0
"('Target', 4704)",0.017,0.0005,-0.5
"('Target', 4708)",0.0178,0.0005,-0.8
"('Target', 4709)",0.0126,0.0003,-0.8
"('Target', 4714)",0.019,0.0007,-0.3
"('Target', 4716)",0.0187,0.0006,-0.4
"('Target', 4718)",0.014,0.0003,-1.1
"('Target', 4719)",0.0199,0.0007,-0.0
"('Target', 4722)",0.0258,0.001,-0.2
"('Target', 4725)",0.0144,0.0003,-0.6
"('Target', 4726)",0.0219,0.0007,-0.3
"('Target', 4732)",0.0116,0.0002,-0.6
"('Target', 4733)",0.0177,0.0005,-0.1
"('Target', 4739)",0.0161,0.0005,-0.3
"('Target', 4743)",0.014,0.0003,-0.7
"('Target', 4745)",0.0175,0.0005,-0.7
"('Target', 4746)",0.0166,0.0005,-0.3
"('Target', 4751)",0.0255,0.0013,-0.2
"('Target', 4755)",0.0163,0.0005,-0.1
"('Target', 4763)",0.022,0.0007,-0.1
"('Target', 4765)",0.0178,0.0005,-0.3
"('Target', 4767)",0.0139,0.0003,-0.3
"('Target', 4768)",0.0176,0.0005,0.0
"('Target', 4771)",0.0367,0.0022,-0.1
"('Target', 4772)",0.0255,0.0013,-0.4
"('Target', 4776)",0.0276,0.0011,0.0
"('Target', 4781)",0.0203,0.001,-0.2
"('Target', 4792)",0.0157,0.0004,-0.0
"('Target', 4800)",0.0253,0.001,-0.2
"('Target', 4801)",0.0129,0.0003,-0.4
"('Target', 4809)",0.0128,0.0002,-0.7
"('Target', 4812)",0.0228,0.0008,-0.2
"('Target', 4813)",0.0197,0.0006,-0.0
"('Target', 4816)",0.0327,0.0019,-0.2
"('Target', 4819)",0.0223,0.0008,-0.6
"('Target', 4820)",0.0178,0.0005,-0.1
"('Target', 4825)",0.0228,0.001,-0.3
"('Target', 4826)",0.01,0.0002,-0.7
"('Target', 4828)",0.015,0.0005,-0.2
"('Target', 4832)",0.0245,0.0009,-0.4
"('Target', 4837)",0.0286,0.0014,-0.3
"('Target', 4839)",0.0187,0.0005,-0.6
"('Target', 4847)",0.0185,0.0006,-0.1
"('Target', 4848)",0.0215,0.0007,-0.0
"('Target', 4849)",0.02,0.0006,-0.2
"('Target', 4880)",0.0453,0.0036,-0.0
"('Target', 4883)",0.0361,0.0018,-0.2
"('Target', 4901)",0.0168,0.0004,-0.5
"('Target', 4902)",0.0153,0.0004,-0.3
"('Target', 4911)",0.0165,0.0004,-0.0
"('Target', 4912)",0.012,0.0003,-0.5
"('Target', 4914)",0.0133,0.0003,-0.9
"('Target', 4917)",0.0164,0.0004,-0.4
"('Target', 4919)",0.0176,0.0006,-0.4
"('Target', 4921)",0.0196,0.0007,-0.5
"('Target', 4922)",0.0212,0.0007,0.0
"('Target', 4923)",0.0121,0.0002,-0.9
"('Target', 4927)",0.0176,0.0005,-0.3
"('Target', 4928)",0.0141,0.0003,-0.9
"('Target', 4931)",0.0208,0.0011,-0.1
"('Target', 4933)",0.0383,0.0021,-0.0
"('Target', 4934)",0.0333,0.0019,-0.1
"('Target', 4951)",0.0128,0.0002,-1.3
"('Target', 4955)",0.0202,0.0006,-0.2
"('Target', 4956)",0.0179,0.0005,-0.6
"('Target', 4958)",0.0179,0.0004,-0.5
"('Target', 4963)",0.0163,0.0004,-0.6
"('Target', 4966)",0.023,0.0009,-0.2
"('Target', 4967)",0.017,0.0005,-0.3
"('Target', 4968)",0.012,0.0002,-0.8
"('Target', 4970)",0.0293,0.0014,-0.2
"('Target', 4971)",0.0318,0.0016,-0.2
"('Target', 4973)",0.0129,0.0003,-0.3
"('Target', 4974)",0.0164,0.0004,-0.6
"('Target', 4975)",0.0242,0.0009,-0.4
"('Target', 4978)",0.0181,0.0005,0.0
"('Target', 4980)",0.0259,0.0011,-0.1
"('Target', 4985)",0.0138,0.0003,-0.5
"('Target', 4992)",0.0219,0.0007,-0.3
"('Target', 4994)",0.0122,0.0002,-1.1
"('Target', 4996)",0.0142,0.0004,-0.2
"('Target', 4997)",0.0147,0.0004,-0.7
"('Target', 4998)",0.0135,0.0003,-0.7
"('Target', 5008)",0.0167,0.0005,-0.2
"('Target', 5011)",0.0117,0.0002,-0.3
"('Target', 5013)",0.0161,0.0004,-0.4
"('Target', 5015)",0.009,0.0001,-0.9
"('Target', 5017)",0.0206,0.0008,0.1
"('Target', 5019)",0.0171,0.0006,-0.3
"('Target', 5020)",0.0108,0.0002,-0.6
"('Target', 5021)",0.019,0.0006,-0.2
"('Target', 5101)",0.02,0.0006,-0.5
"('Target', 5105)",0.0201,0.0006,-0.4
"('Target', 5108)",0.0187,0.0007,-0.2
"('Target', 5110)",0.0159,0.0005,-0.2
"('Target', 5121)",0.022,0.0007,-0.3
"('Target', 5122)",0.0136,0.0003,-0.1
"('Target', 5142)",0.011,0.0002,-0.3
"('Target', 5161)",0.0159,0.0005,0.1
"('Target', 5184)",0.0152,0.0004,-1.2
"('Target', 5185)",0.0163,0.0004,-0.2
"('Target', 5186)",0.0136,0.0003,-0.4
"('Target', 5191)",0.0168,0.0004,-0.5
"('Target', 5192)",0.014,0.0003,-0.3
"('Target', 5195)",0.0139,0.0003,-0.7
"('Target', 5201)",0.018,0.0006,-0.0
"('Target', 5202)",0.0199,0.0007,-0.1
"('Target', 5208)",0.012,0.0002,-0.4
"('Target', 5214)",0.0143,0.0004,-0.8
"('Target', 5217)",0.016,0.0007,-0.3
"('Target', 5218)",0.0238,0.0011,-0.1
"('Target', 5232)",0.014,0.0003,-0.7
"('Target', 5233)",0.0176,0.0005,-0.4
"('Target', 5261)",0.0087,0.0001,-1.0
"('Target', 5262)",0.0148,0.0003,-1.5
"('Target', 5269)",0.0143,0.0003,-0.7
"('Target', 5273)",0.0168,0.0004,-0.1
"('Target', 5288)",0.0119,0.0002,-1.0
"('Target', 5290)",0.0123,0.0002,-0.2
"('Target', 5301)",0.0233,0.0008,-0.2
"('Target', 5302)",0.0108,0.0002,-0.2
"('Target', 5304)",0.0211,0.0008,-0.3
"('Target', 5310)",0.0172,0.0006,-0.1
"('Target', 5331)",0.016,0.0004,-0.6
"('Target', 5332)",0.0187,0.0005,-0.2
"('Target', 5333)",0.0153,0.0004,-0.4
"('Target', 5334)",0.0153,0.0004,-0.4
"('Target', 5344)",0.021,0.0009,-0.1
"('Target', 5351)",0.0125,0.0003,-0.2
"('Target', 5352)",0.0143,0.0004,-0.1
"('Target', 5357)",0.0108,0.0002,-0.8
"('Target', 5384)",0.0216,0.0008,-0.2
"('Target', 5388)",0.0135,0.0003,-0.5
"('Target', 5393)",0.0129,0.0003,-0.3
"('Target', 5401)",0.0181,0.0006,-0.3
"('Target', 5406)",0.0168,0.0005,-0.5
"('Target', 5408)",0.0164,0.0005,-0.1
"('Target', 5410)",0.0178,0.0006,-0.3
"('Target', 5411)",0.0189,0.0007,-0.4
"('Target', 5423)",0.0216,0.0008,-0.1
"('Target', 5440)",0.0178,0.0005,-0.5
"('Target', 5444)",0.0158,0.0004,-0.3
"('Target', 5449)",0.0196,0.0006,-0.2
"('Target', 5451)",0.0153,0.0004,-0.5
"('Target', 5463)",0.0144,0.0004,-0.6
"('Target', 5464)",0.0159,0.0004,-0.4
"('Target', 5471)",0.015,0.0003,-0.2
"('Target', 5480)",0.0236,0.001,-0.3
"('Target', 5481)",0.0222,0.0008,-0.2
"('Target', 5482)",0.0152,0.0004,-0.4
"('Target', 5486)",0.0095,0.0002,-2.4
"('Target', 5541)",0.0254,0.0012,-0.1
"('Target', 5563)",0.0209,0.001,-0.1
"('Target', 5602)",0.0134,0.0003,-0.6
"('Target', 5631)",0.0239,0.0009,-0.2
"('Target', 5632)",0.0282,0.0015,-0.2
"('Target', 5659)",0.014,0.0003,-0.8
"('Target', 5698)",0.0262,0.0013,-0.1
"('Target', 5702)",0.0294,0.0014,-0.1
"('Target', 5703)",0.0139,0.0003,-0.5
"('Target', 5706)",0.0146,0.0003,-0.3
"('Target', 5707)",0.0251,0.0009,-0.1
"('Target', 5711)",0.0144,0.0003,-0.4
"('Target', 5713)",0.0181,0.0006,-0.5
"('Target', 5714)",0.0195,0.0007,-0.3
"('Target', 5715)",0.0149,0.0004,-1.5
"('Target', 5726)",0.0262,0.0016,-0.2
"('Target', 5727)",0.0256,0.0011,-0.3
"('Target', 5741)",0.0196,0.0006,0.1
"('Target', 5757)",0.0184,0.0006,-0.4
"('Target', 5801)",0.0164,0.0005,-0.7
"('Target', 5802)",0.0185,0.0005,-0.4
"('Target', 5803)",0.0237,0.001,-0.3
"('Target', 5805)",0.0271,0.0012,-0.1
"('Target', 5807)",0.0139,0.0004,-0.5
"('Target', 5809)",0.0135,0.0003,-0.5
"('Target', 5821)",0.0176,0.0005,-0.4
"('Target', 5851)",0.0189,0.0006,-0.3
"('Target', 5857)",0.0161,0.0005,-0.1
"('Target', 5901)",0.018,0.0005,-0.4
"('Target', 5902)",0.0087,0.0001,-1.4
"('Target', 5909)",0.0112,0.0002,-1.6
"('Target', 5911)",0.013,0.0003,-0.3
"('Target', 5918)",0.0123,0.0003,-0.9
"('Target', 5929)",0.0127,0.0003,-0.3
"('Target', 5930)",0.0103,0.0002,-0.2
"('Target', 5932)",0.0172,0.0005,-0.6
"('Target', 5933)",0.0115,0.0002,-1.2
"('Target', 5938)",0.018,0.0006,-0.3
"('Target', 5943)",0.0145,0.0004,-0.3
"('Target', 5945)",0.0117,0.0002,-0.7
"('Target', 5946)",0.0149,0.0004,-1.1
"('Target', 5947)",0.0163,0.0004,-0.5
"('Target', 5949)",0.0173,0.0006,-0.1
"('Target', 5951)",0.0141,0.0004,-0.5
"('Target', 5957)",0.0183,0.0005,-0.1
"('Target', 5959)",0.0116,0.0002,-0.6
"('Target', 5970)",0.0175,0.0005,-0.5
"('Target', 5975)",0.0199,0.0006,-0.3
"('Target', 5976)",0.0152,0.0004,-0.8
"('Target', 5982)",0.0137,0.0004,-0.4
"('Target', 5985)",0.0213,0.0011,-0.1
"('Target', 5988)",0.0165,0.0004,-0.6
"('Target', 5989)",0.0151,0.0003,-0.7
"('Target', 5991)",0.0176,0.0005,-0.4
"('Target', 5992)",0.016,0.0005,-0.2
"('Target', 5999)",0.0181,0.0006,-0.1
"('Target', 6005)",0.0147,0.0003,-0.1
"('Target', 6013)",0.0153,0.0004,-0.2
"('Target', 6023)",0.0176,0.0006,-0.0
"('Target', 6027)",0.038,0.0025,-0.1
"('Target', 6028)",0.024,0.0012,-0.3
"('Target', 6030)",0.0398,0.0025,-0.1
"('Target', 6035)",0.0334,0.0022,-0.2
"('Target', 6036)",0.0288,0.0015,-0.0
"('Target', 6047)",0.0414,0.0024,-0.1
"('Target', 6050)",0.0239,0.0009,-0.1
"('Target', 6055)",0.0225,0.0009,-0.2
"('Target', 6058)",0.0297,0.0013,-0.1
"('Target', 6062)",0.0262,0.0011,-0.2
"('Target', 6067)",0.0401,0.0026,-0.0
"('Target', 6070)",0.0342,0.0021,-0.1
"('Target', 6071)",0.0238,0.0009,-0.2
"('Target', 6073)",0.0091,0.0001,-0.8
"('Target', 6078)",0.0276,0.0011,-0.1
"('Target', 6080)",0.0246,0.0008,-0.2
"('Target', 6082)",0.0225,0.0009,-0.3
"('Target', 6088)",0.0269,0.0012,0.1
"('Target', 6089)",0.0227,0.0008,-0.1
"('Target', 6094)",0.0375,0.0024,-0.1
"('Target', 6095)",0.0448,0.003,-0.1
"('Target', 6098)",0.0261,0.0012,-0.1
"('Target', 6099)",0.0242,0.0009,-0.6
"('Target', 6101)",0.0225,0.0008,-0.2
"('Target', 6103)",0.0165,0.0005,-0.3
"('Target', 6104)",0.0218,0.0008,-0.2
"('Target', 6113)",0.0164,0.0004,-0.2
"('Target', 6118)",0.0158,0.0004,0.1
"('Target', 6125)",0.0256,0.001,-0.2
"('Target', 6134)",0.0198,0.0006,-0.2
"('Target', 6135)",0.0175,0.0006,-0.4
"('Target', 6136)",0.0191,0.0007,-0.1
"('Target', 6140)",0.0187,0.0005,-0.8
"('Target', 6141)",0.0195,0.0006,0.0
"('Target', 6143)",0.016,0.0004,-0.5
"('Target', 6144)",0.0152,0.0004,-0.4
"('Target', 6145)",0.0207,0.0007,0.0
"('Target', 6146)",0.0212,0.0008,-0.3
"('Target', 6149)",0.03,0.0014,-0.1
"('Target', 6151)",0.0131,0.0003,-1.3
"('Target', 6157)",0.0187,0.0006,-0.3
"('Target', 6178)",0.0139,0.0003,-1.1
"('Target', 6182)",0.0312,0.0015,-0.1
"('Target', 6183)",0.0171,0.0005,-0.4
"('Target', 6184)",0.0259,0.001,-0.4
"('Target', 6191)",0.0412,0.0027,-0.2
"('Target', 6194)",0.0339,0.0018,0.1
"('Target', 6196)",0.028,0.0011,-0.1
"('Target', 6197)",0.0194,0.0006,-0.4
"('Target', 6199)",0.033,0.0017,-0.2
"('Target', 6200)",0.0285,0.0015,-0.0
"('Target', 6201)",0.0183,0.0005,-0.3
"('Target', 6222)",0.0187,0.0006,-0.3
"('Target', 6232)",0.0345,0.002,-0.1
"('Target', 6235)",0.025,0.0013,-0.2
"('Target', 6237)",0.0166,0.0004,-0.6
"('Target', 6238)",0.026,0.0014,-0.1
"('Target', 6240)",0.0191,0.0006,-0.3
"('Target', 6245)",0.0246,0.001,-0.1
"('Target', 6246)",0.0264,0.001,-0.2
"('Target', 6247)",0.0158,0.0004,-0.6
"('Target', 6250)",0.0218,0.0013,-0.1
"('Target', 6254)",0.0321,0.0015,0.0
"('Target', 6257)",0.0097,0.0001,-1.4
"('Target', 6258)",0.0211,0.0007,-0.2
"('Target', 6264)",0.0322,0.0017,-0.2
"('Target', 6266)",0.0241,0.0009,-0.1
"('Target', 6268)",0.0191,0.0007,-0.5
"('Target', 6269)",0.0174,0.001,0.0
"('Target', 6272)",0.0167,0.0004,-0.0
"('Target', 6273)",0.0189,0.0005,-0.1
"('Target', 6277)",0.0198,0.0006,-0.4
"('Target', 6278)",0.0127,0.0003,-0.0
"('Target', 6279)",0.018,0.0006,-0.2
"('Target', 6282)",0.0111,0.0002,-0.7
"('Target', 6284)",0.0196,0.0006,-0.3
"('Target', 6287)",0.0152,0.0004,-0.6
"('Target', 6289)",0.0139,0.0003,-0.5
"('Target', 6293)",0.0194,0.0006,-0.1
"('Target', 6301)",0.0169,0.0005,-0.4
"('Target', 6302)",0.0163,0.0004,-0.6
"('Target', 6305)",0.0186,0.001,-0.2
"('Target', 6306)",0.0097,0.0001,-1.5
"('Target', 6309)",0.0153,0.0004,-0.5
"('Target', 6310)",0.0174,0.0005,-0.4
"('Target', 6315)",0.0299,0.0015,-0.2
"('Target', 6323)",0.0331,0.0017,-0.1
"('Target', 6324)",0.0263,0.0011,-0.3
"('Target', 6326)",0.0175,0.0006,-0.1
"('Target', 6328)",0.0139,0.0003,-0.5
"('Target', 6330)",0.0213,0.0007,-0.2
"('Target', 6331)",0.0178,0.0005,-0.7
"('Target', 6332)",0.0159,0.0004,-0.4
"('Target', 6333)",0.0144,0.0005,-1.0
"('Target', 6339)",0.012,0.0002,-0.9
"('Target', 6340)",0.0149,0.0004,-0.3
"('Target', 6345)",0.0138,0.0003,-0.2
"('Target', 6349)",0.0137,0.0003,-0.1
"('Target', 6351)",0.0157,0.0004,-0.6
"('Target', 6357)",0.0189,0.0005,-0.2
"('Target', 6361)",0.0234,0.0008,-0.2
"('Target', 6363)",0.0147,0.0004,-0.7
"('Target', 6364)",0.016,0.0004,-0.6
"('Target', 6365)",0.0109,0.0002,-0.8
"('Target', 6366)",0.0237,0.001,-0.2
"('Target', 6367)",0.0177,0.0005,-0.3
"('Target', 6368)",0.02,0.0006,-0.5
"('Target', 6369)",0.0129,0.0003,-0.4
"('Target', 6370)",0.0202,0.0007,-0.2
"('Target', 6371)",0.0131,0.0003,-0.2
"('Target', 6376)",0.0177,0.0005,-0.3
"('Target', 6378)",0.0216,0.0008,-0.2
"('Target', 6379)",0.0102,0.0002,-0.3
"('Target', 6381)",0.0151,0.0004,-0.5
"('Target', 6382)",0.0153,0.0004,-0.7
"('Target', 6383)",0.0193,0.0007,-0.3
"('Target', 6387)",0.0258,0.001,-0.2
"('Target', 6395)",0.0167,0.0005,0.0
"('Target', 6406)",0.0148,0.0004,-0.2
"('Target', 6407)",0.0207,0.0006,-0.2
"('Target', 6409)",0.0201,0.0007,-0.5
"('Target', 6411)",0.0133,0.0005,-0.1
"('Target', 6412)",0.0115,0.0003,-0.7
"('Target', 6413)",0.0203,0.0007,-0.4
"('Target', 6417)",0.0128,0.0004,-0.2
"('Target', 6418)",0.0203,0.0006,-0.5
"('Target', 6419)",0.0115,0.0002,-0.8
"('Target', 6420)",0.0169,0.0005,-0.1
"('Target', 6425)",0.018,0.0005,-0.3
"('Target', 6430)",0.0106,0.0002,-0.4
"('Target', 6432)",0.0191,0.0006,-0.5
"('Target', 6436)",0.0146,0.0003,-0.5
"('Target', 6440)",0.0186,0.0005,-0.2
"('Target', 6444)",0.0262,0.0009,-0.0
"('Target', 6448)",0.0166,0.0005,-0.4
"('Target', 6454)",0.0149,0.0004,-0.8
"('Target', 6455)",0.0138,0.0003,-1.1
"('Target', 6457)",0.0115,0.0002,-0.1
"('Target', 6458)",0.016,0.0004,-0.8
"('Target', 6459)",0.0173,0.0005,-0.4
"('Target', 6460)",0.0147,0.0004,-0.3
"('Target', 6462)",0.0149,0.0004,-0.4
"('Target', 6463)",0.0158,0.0004,-0.3
"('Target', 6464)",0.0223,0.0011,-0.1
"('Target', 6465)",0.0138,0.0003,-0.5
"('Target', 6470)",0.0231,0.0009,-0.2
"('Target', 6471)",0.0217,0.0008,-0.4
"('Target', 6472)",0.0176,0.0005,0.0
"('Target', 6473)",0.0193,0.0006,-0.2
"('Target', 6474)",0.0144,0.0004,-0.2
"('Target', 6479)",0.0217,0.0007,-0.3
"('Target', 6480)",0.0227,0.0008,-0.3
"('Target', 6481)",0.0193,0.0007,-0.1
"('Target', 6482)",0.0152,0.0003,-0.8
"('Target', 6484)",0.0146,0.0004,-0.6
"('Target', 6485)",0.0146,0.0003,-0.4
"('Target', 6486)",0.0133,0.0003,-0.5
"('Target', 6490)",0.0241,0.0007,-0.2
"('Target', 6498)",0.0182,0.0005,-0.4
"('Target', 6501)",0.0198,0.0006,-0.1
"('Target', 6502)",0.0141,0.0003,-0.3
"('Target', 6503)",0.0128,0.0003,-0.4
"('Target', 6504)",0.0196,0.0008,-0.2
"('Target', 6506)",0.0212,0.0007,-0.7
"('Target', 6507)",0.0137,0.0003,-0.2
"('Target', 6508)",0.0169,0.0005,-0.2
"('Target', 6516)",0.0186,0.0005,-0.5
"('Target', 6517)",0.0134,0.0003,-0.5
"('Target', 6532)",0.0345,0.0022,-0.1
"('Target', 6533)",0.0319,0.0015,-0.2
"('Target', 6535)",0.0172,0.0005,-0.0
"('Target', 6538)",0.0228,0.0009,-0.2
"('Target', 6539)",0.0231,0.0009,-0.2
"('Target', 6544)",0.0308,0.0014,-0.1
"('Target', 6556)",0.0229,0.0008,-0.4
"('Target', 6564)",0.033,0.0015,-0.1
"('Target', 6565)",0.0242,0.0009,-0.1
"('Target', 6566)",0.0108,0.0002,-1.7
"('Target', 6569)",0.0209,0.0007,-0.2
"('Target', 6571)",0.0164,0.0004,-0.2
"('Target', 6572)",0.0272,0.0011,-0.0
"('Target', 6580)",0.0307,0.0016,-0.0
"('Target', 6584)",0.0244,0.0012,-0.5
"('Target', 6586)",0.0182,0.0006,-0.4
"('Target', 6588)",0.017,0.0007,-0.1
"('Target', 6590)",0.0321,0.0014,-0.1
"('Target', 6592)",0.0145,0.0004,-0.1
"('Target', 6594)",0.0186,0.0006,-0.3
"('Target', 6612)",0.0267,0.0011,-0.1
"('Target', 6616)",0.0307,0.0016,-0.3
"('Target', 6617)",0.018,0.0005,-0.3
"('Target', 6619)",0.0312,0.0018,-0.1
"('Target', 6620)",0.0289,0.0013,-0.3
"('Target', 6622)",0.017,0.0004,-0.4
"('Target', 6625)",0.0187,0.0006,-0.2
"('Target', 6626)",0.035,0.0021,-0.1
"('Target', 6627)",0.0337,0.0016,-0.1
"('Target', 6629)",0.0249,0.0009,-0.5
"('Target', 6630)",0.0198,0.0006,-0.5
"('Target', 6632)",0.0183,0.0006,-0.5
"('Target', 6637)",0.0141,0.0003,-0.2
"('Target', 6638)",0.0228,0.0008,-0.2
"('Target', 6640)",0.0203,0.0009,-0.4
"('Target', 6641)",0.02,0.0006,-0.2
"('Target', 6644)",0.0146,0.0003,-1.0
"('Target', 6645)",0.0225,0.0009,-0.7
"('Target', 6651)",0.0137,0.0003,-0.7
"('Target', 6652)",0.0206,0.0007,-0.2
"('Target', 6653)",0.0225,0.0009,-0.2
"('Target', 6668)",0.0415,0.0027,-0.0
"('Target', 6670)",0.0174,0.0005,-0.4
"('Target', 6674)",0.0195,0.0006,-0.3
"('Target', 6676)",0.0188,0.0006,-0.2
"('Target', 6701)",0.0199,0.0007,-0.2
"('Target', 6702)",0.0201,0.0007,-0.1
"('Target', 6703)",0.0152,0.0004,-0.6
"('Target', 6706)",0.0145,0.0003,-0.7
"('Target', 6707)",0.0215,0.0007,-0.3
"('Target', 6718)",0.0162,0.0004,-0.5
"('Target', 6723)",0.0258,0.0011,-0.1
"('Target', 6724)",0.0161,0.0004,-0.3
"('Target', 6727)",0.0232,0.0008,-0.3
"('Target', 6728)",0.023,0.0011,-0.2
"('Target', 6736)",0.0275,0.0013,-0.1
"('Target', 6737)",0.0174,0.0005,-0.7
"('Target', 6740)",0.0249,0.001,-0.1
"('Target', 6741)",0.0117,0.0002,-1.0
"('Target', 6742)",0.0141,0.0004,-0.8
"('Target', 6744)",0.0161,0.0004,-0.4
"('Target', 6745)",0.0152,0.0004,-0.5
"('Target', 6750)",0.0134,0.0004,-0.1
"('Target', 6752)",0.0162,0.0005,-0.4
"('Target', 6753)",0.0182,0.0007,-0.1
"('Target', 6754)",0.0131,0.0003,-0.5
"('Target', 6755)",0.0164,0.0006,-0.6
"('Target', 6758)",0.0239,0.0011,-0.2
"('Target', 6762)",0.0217,0.0008,-0.0
"('Target', 6768)",0.024,0.0011,-0.1
"('Target', 6769)",0.0269,0.0011,-0.1
"('Target', 6770)",0.0191,0.0009,-0.1
"('Target', 6777)",0.0256,0.0013,-0.1
"('Target', 6779)",0.0337,0.0016,-0.0
"('Target', 6787)",0.0247,0.001,0.1
"('Target', 6788)",0.0176,0.0004,-0.8
"('Target', 6789)",0.026,0.0013,-0.0
"('Target', 6794)",0.0177,0.0005,-0.4
"('Target', 6798)",0.0183,0.0005,-0.2
"('Target', 6800)",0.0214,0.0008,-0.4
"('Target', 6804)",0.015,0.0004,-0.6
"('Target', 6806)",0.0177,0.0005,-0.3
"('Target', 6807)",0.0157,0.0004,-0.4
"('Target', 6809)",0.0159,0.0004,-0.3
"('Target', 6810)",0.0199,0.0006,-0.4
"('Target', 6814)",0.0165,0.0008,-0.2
"('Target', 6815)",0.0167,0.0005,-0.6
"('Target', 6817)",0.0215,0.0007,-0.0
"('Target', 6820)",0.0115,0.0002,-0.8
"('Target', 6823)",0.0202,0.0009,-0.3
"('Target', 6824)",0.0192,0.0006,-0.5
"('Target', 6832)",0.0162,0.0004,-0.5
"('Target', 6834)",0.013,0.0003,-0.2
"('Target', 6841)",0.015,0.0004,-0.2
"('Target', 6844)",0.024,0.001,-0.2
"('Target', 6845)",0.0205,0.0008,-0.3
"('Target', 6848)",0.0117,0.0002,-1.0
"('Target', 6849)",0.0157,0.0004,-0.6
"('Target', 6850)",0.0193,0.0006,-0.4
"('Target', 6855)",0.0333,0.0016,-0.1
"('Target', 6856)",0.0174,0.0005,-0.1
"('Target', 6857)",0.0245,0.001,-0.2
"('Target', 6859)",0.0149,0.0004,-0.3
"('Target', 6861)",0.0214,0.0008,-0.2
"('Target', 6866)",0.027,0.0011,-0.1
"('Target', 6869)",0.0241,0.0013,-0.1
"('Target', 6871)",0.0297,0.0014,-0.3
"('Target', 6875)",0.0226,0.0008,-0.5
"('Target', 6877)",0.015,0.0004,-0.2
"('Target', 6879)",0.032,0.0016,-0.1
"('Target', 6881)",0.0316,0.0015,-0.0
"('Target', 6882)",0.0218,0.0007,-0.2
"('Target', 6890)",0.0334,0.0017,-0.2
"('Target', 6902)",0.0171,0.0005,-0.1
"('Target', 6904)",0.0087,0.0001,-0.7
"('Target', 6905)",0.0179,0.0005,-0.6
"('Target', 6908)",0.0249,0.0011,-0.2
"('Target', 6912)",0.039,0.0021,-0.2
"('Target', 6914)",0.0248,0.0009,-0.4
"('Target', 6915)",0.0186,0.0005,-0.5
"('Target', 6918)",0.0225,0.0008,-0.5
"('Target', 6920)",0.0297,0.0015,-0.3
"('Target', 6923)",0.0198,0.0006,-0.3
"('Target', 6924)",0.0119,0.0002,-0.1
"('Target', 6925)",0.0188,0.0006,-0.3
"('Target', 6929)",0.0182,0.0005,-0.6
"('Target', 6932)",0.0219,0.0007,-0.3
"('Target', 6937)",0.0156,0.0004,-0.3
"('Target', 6938)",0.0326,0.0017,-0.2
"('Target', 6941)",0.0252,0.001,-0.2
"('Target', 6947)",0.0219,0.0007,-0.4
"('Target', 6951)",0.0279,0.0013,-0.2
"('Target', 6952)",0.0161,0.0004,-0.1
"('Target', 6954)",0.0174,0.0005,-0.2
"('Target', 6955)",0.0222,0.0008,-0.3
"('Target', 6957)",0.0315,0.0014,-0.2
"('Target', 6958)",0.03,0.0018,-0.0
"('Target', 6960)",0.0105,0.0002,-0.7
"('Target', 6961)",0.0193,0.0007,-0.2
"('Target', 6962)",0.0323,0.0017,-0.1
"('Target', 6963)",0.02,0.0006,-0.3
"('Target', 6965)",0.0209,0.0007,-0.4
"('Target', 6966)",0.0355,0.0022,-0.1
"('Target', 6967)",0.0262,0.0011,-0.1
"('Target', 6971)",0.0154,0.0004,-0.8
"('Target', 6976)",0.0252,0.0011,-0.3
"('Target', 6981)",0.019,0.0005,-0.3
"('Target', 6986)",0.0138,0.0003,-0.5
"('Target', 6988)",0.0184,0.0006,-0.5
"('Target', 6994)",0.0144,0.0003,-0.1
"('Target', 6995)",0.0159,0.0004,-0.3
"('Target', 6996)",0.0214,0.0006,-0.2
"('Target', 6997)",0.0194,0.0009,-0.2
"('Target', 6999)",0.0196,0.0006,-0.4
"('Target', 7003)",0.0196,0.0007,-0.4
"('Target', 7004)",0.0184,0.0006,-0.0
"('Target', 7011)",0.0141,0.0003,-0.1
"('Target', 7012)",0.0167,0.0005,-0.4
"('Target', 7013)",0.0197,0.0007,-0.5
"('Target', 7030)",0.0253,0.0011,-0.1
"('Target', 7033)",0.035,0.002,-0.0
"('Target', 7036)",0.0415,0.0033,-0.0
"('Target', 7047)",0.0421,0.003,-0.1
"('Target', 7048)",0.0305,0.0014,-0.0
"('Target', 7060)",0.0304,0.0016,-0.1
"('Target', 7061)",0.0291,0.0015,-0.0
"('Target', 7065)",0.032,0.0019,-0.2
"('Target', 7071)",0.0357,0.0019,0.1
"('Target', 7082)",0.0377,0.0023,-0.2
"('Target', 7085)",0.0193,0.0006,-0.1
"('Target', 7088)",0.0131,0.0003,-0.8
"('Target', 7089)",0.0399,0.0026,-0.1
"('Target', 7092)",0.0355,0.0018,-0.1
"('Target', 7094)",0.0403,0.0024,-0.3
"('Target', 7095)",0.0446,0.0031,-0.1
"('Target', 7102)",0.0132,0.0003,-0.8
"('Target', 7105)",0.0273,0.0013,-0.2
"('Target', 7148)",0.0255,0.0016,-0.1
"('Target', 7157)",0.0294,0.0013,-0.4
"('Target', 7164)",0.0143,0.0003,-0.4
"('Target', 7167)",0.0163,0.0004,-0.5
"('Target', 7169)",0.0179,0.0005,-0.4
"('Target', 7172)",0.0211,0.0008,-0.1
"('Target', 7173)",0.0186,0.0007,-0.2
"('Target', 7177)",0.0141,0.0003,-0.5
"('Target', 7180)",0.0136,0.0004,-0.2
"('Target', 7181)",0.0157,0.0004,-0.4
"('Target', 7182)",0.0134,0.0004,-0.1
"('Target', 7184)",0.0158,0.0004,-0.6
"('Target', 7186)",0.0158,0.0004,-0.0
"('Target', 7187)",0.0352,0.0022,-0.0
"('Target', 7189)",0.0158,0.0004,-0.4
"('Target', 7191)",0.0172,0.0005,-0.1
"('Target', 7192)",0.0166,0.0004,-0.2
"('Target', 7198)",0.0174,0.0005,-0.2
"('Target', 7199)",0.0274,0.0012,-0.4
"('Target', 7201)",0.0219,0.0008,-0.4
"('Target', 7202)",0.0171,0.0005,-0.3
"('Target', 7203)",0.0171,0.0005,-0.2
"('Target', 7205)",0.0154,0.0004,-0.1
"('Target', 7211)",0.0207,0.0007,-0.1
"('Target', 7220)",0.0273,0.0012,-0.2
"('Target', 7222)",0.0179,0.0005,-0.5
"('Target', 7224)",0.0092,0.0002,-0.3
"('Target', 7226)",0.0129,0.0003,-0.3
"('Target', 7229)",0.0111,0.0002,-0.4
"('Target', 7231)",0.0153,0.0004,-0.4
"('Target', 7236)",0.0223,0.0008,-0.3
"('Target', 7238)",0.0165,0.0004,-0.2
"('Target', 7239)",0.0201,0.0006,-0.4
"('Target', 7240)",0.0204,0.0006,-0.4
"('Target', 7241)",0.0186,0.0005,-0.6
"('Target', 7242)",0.0167,0.0004,0.0
"('Target', 7244)",0.0207,0.0007,-0.2
"('Target', 7245)",0.0155,0.0004,-0.2
"('Target', 7246)",0.0195,0.0007,-0.0
"('Target', 7250)",0.02,0.0007,-0.5
"('Target', 7254)",0.0512,0.0046,-0.0
"('Target', 7259)",0.0165,0.0005,-0.2
"('Target', 7261)",0.0178,0.0005,-0.2
"('Target', 7267)",0.0145,0.0004,-0.3
"('Target', 7269)",0.0167,0.0004,-0.2
"('Target', 7270)",0.0156,0.0004,-0.6
"('Target', 7272)",0.019,0.0006,-0.4
"('Target', 7276)",0.018,0.0006,-0.1
"('Target', 7278)",0.0145,0.0003,-0.5
"('Target', 7279)",0.0162,0.0004,-0.1
"('Target', 7280)",0.0179,0.0005,0.2
"('Target', 7282)",0.0162,0.0004,-0.1
"('Target', 7283)",0.0202,0.0007,-0.1
"('Target', 7287)",0.0149,0.0004,-0.2
"('Target', 7292)",0.0149,0.0004,0.0
"('Target', 7294)",0.0162,0.0005,-0.1
"('Target', 7296)",0.0151,0.0004,-0.6
"('Target', 7298)",0.0271,0.0014,-0.0
"('Target', 7309)",0.0228,0.0011,-0.2
"('Target', 7313)",0.0156,0.0004,-0.5
"('Target', 7315)",0.0248,0.0012,-0.2
"('Target', 7322)",0.0118,0.0002,-0.5
"('Target', 7326)",0.0182,0.0005,-0.5
"('Target', 7327)",0.015,0.0003,-0.5
"('Target', 7337)",0.0157,0.0004,-0.3
"('Target', 7339)",0.0178,0.0005,-0.3
"('Target', 7342)",0.0371,0.002,-0.0
"('Target', 7351)",0.0302,0.0017,0.0
"('Target', 7354)",0.0273,0.0011,-0.3
"('Target', 7358)",0.0304,0.0014,-0.2
"('Target', 7408)",0.0238,0.0008,-0.3
"('Target', 7412)",0.01,0.0002,-1.4
"('Target', 7414)",0.0117,0.0003,-0.2
"('Target', 7419)",0.0137,0.0003,-0.4
"('Target', 7420)",0.0203,0.0008,-0.1
"('Target', 7421)",0.0121,0.0002,-1.1
"('Target', 7433)",0.0213,0.0009,-0.2
"('Target', 7438)",0.015,0.0004,-0.6
"('Target', 7445)",0.0139,0.0003,-0.5
"('Target', 7447)",0.0171,0.0005,-0.6
"('Target', 7451)",0.0127,0.0003,-0.4
"('Target', 7453)",0.0182,0.0005,-0.6
"('Target', 7456)",0.0206,0.0007,-0.3
"('Target', 7458)",0.0183,0.0006,-0.3
"('Target', 7459)",0.0116,0.0002,-0.6
"('Target', 7463)",0.0142,0.0003,-0.2
"('Target', 7466)",0.0126,0.0003,-1.4
"('Target', 7467)",0.0159,0.0004,-0.7
"('Target', 7475)",0.0121,0.0002,-0.9
"('Target', 7476)",0.0211,0.0007,-0.2
"('Target', 7480)",0.0177,0.0006,-0.3
"('Target', 7482)",0.0137,0.0003,-0.3
"('Target', 7483)",0.0153,0.0003,-1.1
"('Target', 7487)",0.0078,0.0001,-2.6
"('Target', 7500)",0.0137,0.0004,-0.9
"('Target', 7504)",0.0181,0.0005,-0.4
"('Target', 7508)",0.0221,0.0007,-0.4
"('Target', 7510)",0.0115,0.0002,-1.1
"('Target', 7512)",0.0191,0.0006,-0.4
"('Target', 7513)",0.0162,0.0004,-0.4
"('Target', 7516)",0.0149,0.0004,-0.5
"('Target', 7518)",0.0197,0.0006,-0.2
"('Target', 7520)",0.0169,0.0004,-0.5
"('Target', 7522)",0.0145,0.0003,-0.5
"('Target', 7532)",0.0189,0.0009,-0.2
"('Target', 7537)",0.0206,0.0006,-0.3
"('Target', 7545)",0.0164,0.0004,-0.3
"('Target', 7550)",0.0117,0.0002,-0.9
"('Target', 7552)",0.0125,0.0003,-1.7
"('Target', 7554)",0.0121,0.0003,-0.7
"('Target', 7564)",0.0234,0.0008,-0.2
"('Target', 7570)",0.0107,0.0002,-0.4
"('Target', 7575)",0.0182,0.0006,-0.2
"('Target', 7581)",0.0166,0.0004,-0.7
"('Target', 7593)",0.0134,0.0003,-0.7
"('Target', 7595)",0.018,0.0005,-0.4
"('Target', 7596)",0.0118,0.0002,-2.6
"('Target', 7599)",0.0194,0.0006,-0.1
"('Target', 7600)",0.0215,0.0008,-0.1
"('Target', 7605)",0.0119,0.0002,-0.4
"('Target', 7606)",0.0202,0.0006,-0.2
"('Target', 7607)",0.0155,0.0004,-0.2
"('Target', 7609)",0.0171,0.0005,-0.1
"('Target', 7611)",0.0145,0.0004,-0.5
"('Target', 7613)",0.0228,0.0008,-0.2
"('Target', 7616)",0.0138,0.0003,-0.2
"('Target', 7618)",0.0188,0.0005,-0.4
"('Target', 7621)",0.0098,0.0001,-3.9
"('Target', 7628)",0.0134,0.0003,-0.5
"('Target', 7630)",0.0112,0.0002,-1.1
"('Target', 7636)",0.0163,0.0005,-0.3
"('Target', 7637)",0.0218,0.001,-0.2
"('Target', 7638)",0.0179,0.0004,-0.3
"('Target', 7649)",0.0136,0.0003,-0.4
"('Target', 7679)",0.0132,0.0003,-0.4
"('Target', 7683)",0.022,0.0007,-0.3
"('Target', 7685)",0.0357,0.0022,-0.1
"('Target', 7701)",0.0204,0.0007,-0.5
"('Target', 7702)",0.0157,0.0004,-0.4
"('Target', 7705)",0.0197,0.0007,-0.3
"('Target', 7715)",0.0252,0.001,-0.1
"('Target', 7716)",0.0157,0.0005,-0.2
"('Target', 7717)",0.0178,0.0005,-0.1
"('Target', 7718)",0.0169,0.0005,-0.6
"('Target', 7721)",0.0121,0.0003,-0.3
"('Target', 7723)",0.0243,0.001,-0.0
"('Target', 7725)",0.0237,0.001,-0.1
"('Target', 7726)",0.0277,0.0014,-0.1
"('Target', 7729)",0.02,0.0006,-0.1
"('Target', 7730)",0.018,0.0006,-0.1
"('Target', 7731)",0.019,0.0006,-0.2
"('Target', 7732)",0.0265,0.0018,-0.1
"('Target', 7733)",0.0229,0.0011,-0.2
"('Target', 7734)",0.0238,0.0008,-0.2
"('Target', 7735)",0.0257,0.001,-0.1
"('Target', 7739)",0.0136,0.0003,-0.6
"('Target', 7740)",0.0164,0.0004,-0.2
"('Target', 7741)",0.0203,0.0007,-0.1
"('Target', 7744)",0.0292,0.0019,-0.1
"('Target', 7745)",0.0247,0.0009,-0.3
"('Target', 7747)",0.0242,0.0015,0.0
"('Target', 7749)",0.0122,0.0003,-0.6
"('Target', 7751)",0.0116,0.0003,-0.2
"('Target', 7752)",0.0203,0.0006,-0.1
"('Target', 7762)",0.0206,0.0006,-0.6
"('Target', 7774)",0.0175,0.0005,-0.5
"('Target', 7775)",0.0115,0.0002,-0.6
"('Target', 7777)",0.0528,0.0041,-0.0
"('Target', 7779)",0.0222,0.0008,0.1
"('Target', 7780)",0.0211,0.0008,-0.3
"('Target', 7803)",0.0287,0.0014,-0.1
"('Target', 7806)",0.0271,0.0012,-0.2
"('Target', 7809)",0.0411,0.0033,-0.1
"('Target', 7814)",0.0128,0.0003,-0.4
"('Target', 7816)",0.0388,0.0034,-0.1
"('Target', 7817)",0.0147,0.0003,-0.7
"('Target', 7818)",0.0207,0.0006,-0.1
"('Target', 7820)",0.019,0.0006,-0.8
"('Target', 7821)",0.0173,0.0004,-0.3
"('Target', 7823)",0.0162,0.0004,-0.7
"('Target', 7826)",0.0302,0.0016,0.0
"('Target', 7832)",0.02,0.0007,-0.1
"('Target', 7839)",0.0201,0.0007,-0.3
"('Target', 7840)",0.0107,0.0002,-1.7
"('Target', 7844)",0.0122,0.0002,-0.3
"('Target', 7846)",0.0168,0.0005,-0.4
"('Target', 7856)",0.0139,0.0003,-0.5
"('Target', 7860)",0.0163,0.0004,-0.2
"('Target', 7864)",0.0168,0.0006,-0.2
"('Target', 7867)",0.0153,0.0004,-0.4
"('Target', 7868)",0.0226,0.0011,-0.0
"('Target', 7874)",0.0135,0.0003,-0.4
"('Target', 7879)",0.0155,0.0004,-0.3
"('Target', 7893)",0.0133,0.0003,-0.2
"('Target', 7905)",0.0138,0.0004,-0.4
"('Target', 7906)",0.0244,0.0014,-0.1
"('Target', 7911)",0.0151,0.0004,-0.4
"('Target', 7912)",0.0169,0.0005,-0.8
"('Target', 7914)",0.0159,0.0005,-0.5
"('Target', 7915)",0.0177,0.0005,-0.3
"('Target', 7917)",0.0195,0.0006,-0.3
"('Target', 7921)",0.0151,0.0005,-0.4
"('Target', 7925)",0.0111,0.0002,-0.7
"('Target', 7931)",0.0128,0.0003,-0.9
"('Target', 7936)",0.0242,0.0009,-0.1
"('Target', 7937)",0.0155,0.0004,-0.4
"('Target', 7942)",0.0114,0.0002,-0.4
"('Target', 7943)",0.0166,0.0005,-0.5
"('Target', 7944)",0.0189,0.0006,0.0
"('Target', 7947)",0.017,0.0005,-0.3
"('Target', 7949)",0.01,0.0002,-1.4
"('Target', 7951)",0.0159,0.0004,-0.4
"('Target', 7952)",0.0182,0.0006,-0.1
"('Target', 7955)",0.0165,0.0004,-1.0
"('Target', 7956)",0.0217,0.0008,-0.2
"('Target', 7958)",0.0112,0.0002,0.0
"('Target', 7962)",0.0118,0.0003,-0.9
"('Target', 7965)",0.0201,0.0007,-0.3
"('Target', 7966)",0.0126,0.0003,-0.4
"('Target', 7970)",0.0185,0.0005,-0.3
"('Target', 7972)",0.0136,0.0003,-0.2
"('Target', 7974)",0.014,0.0003,-0.3
"('Target', 7976)",0.0147,0.0003,-0.4
"('Target', 7979)",0.0161,0.0004,-0.0
"('Target', 7981)",0.0134,0.0003,-0.5
"('Target', 7984)",0.0127,0.0003,-0.5
"('Target', 7987)",0.0127,0.0003,-1.1
"('Target', 7988)",0.0219,0.0008,-0.2
"('Target', 7989)",0.0181,0.0005,-0.7
"('Target', 7990)",0.0263,0.0011,-0.3
"('Target', 7994)",0.0148,0.0004,-0.4
"('Target', 7995)",0.0156,0.0005,-0.5
"('Target', 8001)",0.0139,0.0003,-1.0
"('Target', 8002)",0.0136,0.0003,-0.0
"('Target', 8005)",0.018,0.0005,-0.2
"('Target', 8008)",0.0138,0.0003,-0.8
"('Target', 8012)",0.0151,0.0004,-0.8
"('Target', 8014)",0.0111,0.0002,-0.6
"('Target', 8015)",0.0226,0.0007,-0.3
"('Target', 8016)",0.0153,0.0004,-0.2
"('Target', 8018)",0.0157,0.0004,-0.8
"('Target', 8020)",0.0102,0.0002,-0.7
"('Target', 8022)",0.0134,0.0003,-0.2
"('Target', 8031)",0.0151,0.0003,-0.4
"('Target', 8032)",0.0147,0.0003,-0.5
"('Target', 8035)",0.0213,0.0007,-0.1
"('Target', 8037)",0.0118,0.0002,-0.2
"('Target', 8038)",0.0108,0.0002,-0.3
"('Target', 8041)",0.0124,0.0003,-0.7
"('Target', 8043)",0.0147,0.0003,-1.2
"('Target', 8050)",0.0143,0.0004,-0.1
"('Target', 8051)",0.0143,0.0003,-0.6
"('Target', 8052)",0.0133,0.0003,-0.4
"('Target', 8053)",0.0105,0.0002,-0.8
"('Target', 8056)",0.0185,0.0006,-0.5
"('Target', 8057)",0.0162,0.0004,-0.7
"('Target', 8058)",0.0144,0.0004,-0.5
"('Target', 8059)",0.016,0.0005,-0.8
"('Target', 8060)",0.0117,0.0002,-0.3
"('Target', 8061)",0.0162,0.0005,0.0
"('Target', 8065)",0.0174,0.0005,-0.1
"('Target', 8066)",0.016,0.0004,-0.3
"('Target', 8068)",0.0146,0.0003,-0.5
"('Target', 8070)",0.0171,0.0005,-0.4
"('Target', 8074)",0.0127,0.0003,-0.9
"('Target', 8075)",0.0148,0.0005,-0.3
"('Target', 8078)",0.0177,0.0004,-0.5
"('Target', 8079)",0.01,0.0002,-0.6
"('Target', 8081)",0.0112,0.0002,-0.1
"('Target', 8084)",0.0145,0.0003,-1.1
"('Target', 8086)",0.0134,0.0003,-0.5
"('Target', 8088)",0.0147,0.0004,-0.4
"('Target', 8089)",0.0212,0.0007,-0.4
"('Target', 8093)",0.016,0.0005,-0.3
"('Target', 8095)",0.0183,0.0009,-0.2
"('Target', 8096)",0.0126,0.0002,-0.1
"('Target', 8097)",0.0173,0.0009,0.0
"('Target', 8098)",0.0177,0.0008,-0.0
"('Target', 8101)",0.0157,0.0004,-0.4
"('Target', 8103)",0.0215,0.0008,-0.4
"('Target', 8111)",0.0202,0.0007,-0.7
"('Target', 8113)",0.0166,0.0005,-0.4
"('Target', 8114)",0.031,0.0015,-0.2
"('Target', 8117)",0.0167,0.0004,-0.4
"('Target', 8125)",0.0135,0.0003,-0.6
"('Target', 8129)",0.0114,0.0002,-0.4
"('Target', 8130)",0.0123,0.0003,-0.7
"('Target', 8131)",0.0219,0.0009,-0.3
"('Target', 8132)",0.0191,0.0008,-0.1
"('Target', 8133)",0.0113,0.0002,-1.3
"('Target', 8136)",0.017,0.0004,-0.1
"('Target', 8137)",0.0212,0.0007,-0.5
"('Target', 8140)",0.0161,0.0004,-0.4
"('Target', 8141)",0.0145,0.0004,-0.3
"('Target', 8150)",0.0169,0.0006,-0.3
"('Target', 8151)",0.014,0.0003,-0.4
"('Target', 8153)",0.0104,0.0002,-1.4
"('Target', 8154)",0.0188,0.0005,0.0
"('Target', 8155)",0.0217,0.0007,-0.2
"('Target', 8157)",0.0158,0.0008,0.0
"('Target', 8158)",0.0186,0.0006,-0.1
"('Target', 8159)",0.0097,0.0002,-0.6
"('Target', 8160)",0.0083,0.0001,-0.4
"('Target', 8163)",0.0109,0.0002,-1.1
"('Target', 8165)",0.0113,0.0002,-0.9
"('Target', 8167)",0.0174,0.0005,-0.4
"('Target', 8168)",0.013,0.0003,-2.4
"('Target', 8173)",0.0127,0.0003,-0.7
"('Target', 8174)",0.0199,0.0006,-0.5
"('Target', 8179)",0.0168,0.0004,-0.2
"('Target', 8182)",0.0124,0.0003,-0.5
"('Target', 8185)",0.0151,0.0004,-0.3
"('Target', 8194)",0.0157,0.0004,-0.4
"('Target', 8198)",0.0108,0.0003,-0.9
"('Target', 8200)",0.0126,0.0003,-0.7
"('Target', 8202)",0.0196,0.0007,-0.5
"('Target', 8203)",0.0117,0.0002,-0.2
"('Target', 8214)",0.0184,0.0005,-0.4
"('Target', 8217)",0.0106,0.0002,-0.1
"('Target', 8218)",0.014,0.0003,-1.2
"('Target', 8219)",0.024,0.001,-0.3
"('Target', 8227)",0.013,0.0003,-0.2
"('Target', 8233)",0.0146,0.0003,-0.5
"('Target', 8237)",0.02,0.0006,-0.2
"('Target', 8242)",0.0181,0.0005,-0.8
"('Target', 8244)",0.016,0.0004,-0.8
"('Target', 8249)",0.0151,0.0004,-0.2
"('Target', 8252)",0.0173,0.0004,-0.7
"('Target', 8253)",0.0175,0.0004,-1.0
"('Target', 8255)",0.0157,0.0004,-1.0
"('Target', 8267)",0.0182,0.0005,-0.6
"('Target', 8273)",0.0149,0.0004,-0.4
"('Target', 8275)",0.0235,0.0009,-0.2
"('Target', 8276)",0.0111,0.0002,-0.6
"('Target', 8278)",0.0207,0.0017,-0.2
"('Target', 8279)",0.0108,0.0002,-0.7
"('Target', 8281)",0.0144,0.0003,-0.7
"('Target', 8282)",0.0128,0.0003,-0.4
"('Target', 8283)",0.0141,0.0004,-0.1
"('Target', 8285)",0.0166,0.0005,-0.2
"('Target', 8289)",0.0167,0.0004,-0.2
"('Target', 8291)",0.0119,0.0002,-1.1
"('Target', 8303)",0.024,0.0009,-0.2
"('Target', 8304)",0.0133,0.0003,-0.7
"('Target', 8306)",0.0145,0.0003,-0.3
"('Target', 8308)",0.0156,0.0004,-0.3
"('Target', 8309)",0.0127,0.0003,-0.5
"('Target', 8316)",0.0117,0.0002,-0.3
"('Target', 8331)",0.0175,0.0005,-0.3
"('Target', 8334)",0.0135,0.0003,-0.3
"('Target', 8336)",0.0133,0.0003,-0.3
"('Target', 8337)",0.0176,0.0005,-0.5
"('Target', 8338)",0.0199,0.0006,-0.1
"('Target', 8341)",0.017,0.0005,-0.4
"('Target', 8343)",0.0144,0.0004,-0.5
"('Target', 8344)",0.0184,0.0005,-0.5
"('Target', 8345)",0.014,0.0003,-0.4
"('Target', 8346)",0.0123,0.0002,-0.6
"('Target', 8354)",0.0172,0.0005,-0.4
"('Target', 8355)",0.0177,0.0005,-0.9
"('Target', 8358)",0.0184,0.0008,-0.1
"('Target', 8359)",0.0159,0.0004,-0.5
"('Target', 8360)",0.0148,0.0004,-0.6
"('Target', 8361)",0.0144,0.0003,-0.5
"('Target', 8362)",0.016,0.0004,-0.5
"('Target', 8364)",0.0145,0.0004,-0.4
"('Target', 8366)",0.0162,0.0004,-0.6
"('Target', 8367)",0.0166,0.0004,-0.6
"('Target', 8368)",0.015,0.0003,-0.6
"('Target', 8369)",0.0194,0.0006,-0.1
"('Target', 8370)",0.0149,0.0004,-0.5
"('Target', 8377)",0.0169,0.0005,-0.3
"('Target', 8381)",0.0167,0.0004,-1.1
"('Target', 8382)",0.0143,0.0004,-0.8
"('Target', 8385)",0.0142,0.0003,-0.2
"('Target', 8386)",0.0146,0.0005,-0.4
"('Target', 8387)",0.0139,0.0003,-0.9
"('Target', 8388)",0.0188,0.0006,-0.7
"('Target', 8392)",0.0149,0.0003,-0.3
"('Target', 8393)",0.0138,0.0003,-0.5
"('Target', 8395)",0.0144,0.0003,-0.6
"('Target', 8399)",0.0151,0.0003,-0.6
"('Target', 8410)",0.0109,0.0002,-0.4
"('Target', 8411)",0.0112,0.0002,-0.3
"('Target', 8418)",0.013,0.0003,-0.3
"('Target', 8424)",0.0121,0.0002,-0.6
"('Target', 8425)",0.0143,0.0003,-1.1
"('Target', 8439)",0.0218,0.0007,-0.1
"('Target', 8473)",0.0195,0.0006,-0.5
"('Target', 8508)",0.0172,0.0005,-0.3
"('Target', 8511)",0.0163,0.0007,-0.4
"('Target', 8515)",0.016,0.0004,-0.3
"('Target', 8522)",0.0205,0.0006,-0.2
"('Target', 8524)",0.0197,0.0006,-0.5
"('Target', 8527)",0.0179,0.0009,-0.1
"('Target', 8530)",0.0193,0.0007,-0.2
"('Target', 8541)",0.0157,0.0004,-0.4
"('Target', 8544)",0.0161,0.0004,-0.4
"('Target', 8550)",0.0227,0.001,-0.1
"('Target', 8558)",0.0147,0.0003,-0.3
"('Target', 8566)",0.0099,0.0002,-0.6
"('Target', 8570)",0.0194,0.0006,-0.7
"('Target', 8572)",0.0168,0.0004,-0.6
"('Target', 8584)",0.0132,0.0003,-0.7
"('Target', 8585)",0.0172,0.0005,-0.3
"('Target', 8591)",0.0178,0.0005,-1.3
"('Target', 8593)",0.0152,0.0004,-1.1
"('Target', 8595)",0.0168,0.0005,-0.2
"('Target', 8596)",0.0143,0.0003,-1.5
"('Target', 8600)",0.0189,0.0006,-0.6
"('Target', 8601)",0.0127,0.0002,-0.2
"('Target', 8604)",0.0123,0.0003,-0.2
"('Target', 8609)",0.0131,0.0003,-0.5
"('Target', 8613)",0.0146,0.0004,-0.8
"('Target', 8616)",0.0151,0.0003,-0.8
"('Target', 8622)",0.0146,0.0003,-0.7
"('Target', 8624)",0.012,0.0002,-0.5
"('Target', 8628)",0.0104,0.0002,-1.4
"('Target', 8630)",0.0147,0.0004,-0.2
"('Target', 8697)",0.0159,0.0004,-0.8
"('Target', 8698)",0.0277,0.0016,-0.0
"('Target', 8699)",0.0117,0.0002,-0.3
"('Target', 8706)",0.0129,0.0003,-0.9
"('Target', 8707)",0.0099,0.0002,-0.6
"('Target', 8708)",0.0217,0.0007,-0.5
"('Target', 8713)",0.0172,0.0004,-0.7
"('Target', 8714)",0.0165,0.0004,-0.5
"('Target', 8715)",0.019,0.0006,-0.2
"('Target', 8725)",0.0153,0.0004,-0.6
"('Target', 8739)",0.0154,0.0003,-0.5
"('Target', 8750)",0.0185,0.0005,-0.3
"('Target', 8766)",0.0126,0.0003,-0.1
"('Target', 8771)",0.0197,0.0006,-0.5
"('Target', 8772)",0.0105,0.0002,-2.4
"('Target', 8793)",0.0121,0.0002,-0.7
"('Target', 8795)",0.02,0.0006,-0.4
"('Target', 8798)",0.0132,0.0003,-0.9
"('Target', 8801)",0.0153,0.0004,-0.5
"('Target', 8802)",0.0114,0.0002,-0.2
"('Target', 8803)",0.015,0.0003,-0.7
"('Target', 8804)",0.0166,0.0004,-0.5
"('Target', 8806)",0.0078,0.0001,-2.1
"('Target', 8818)",0.0156,0.0004,-0.2
"('Target', 8830)",0.017,0.0004,-0.5
"('Target', 8841)",0.0169,0.0004,-0.2
"('Target', 8842)",0.009,0.0001,-0.3
"('Target', 8844)",0.0189,0.0007,0.0
"('Target', 8848)",0.0234,0.0011,-0.0
"('Target', 8850)",0.0147,0.0003,-0.7
"('Target', 8860)",0.0122,0.0002,-0.5
"('Target', 8864)",0.0164,0.0005,-0.7
"('Target', 8869)",0.0139,0.0003,-0.6
"('Target', 8871)",0.0125,0.0003,-0.2
"('Target', 8876)",0.0203,0.0007,-0.1
"('Target', 8877)",0.0116,0.0002,-0.5
"('Target', 8881)",0.0147,0.0004,-0.7
"('Target', 8890)",0.0209,0.0007,-0.3
"('Target', 8892)",0.014,0.0003,-1.2
"('Target', 8897)",0.0138,0.0003,-0.7
"('Target', 8905)",0.0116,0.0002,-0.6
"('Target', 8909)",0.0137,0.0003,-0.1
"('Target', 8914)",0.0145,0.0004,-0.1
"('Target', 8917)",0.0124,0.0003,-0.6
"('Target', 8919)",0.0231,0.0008,-0.2
"('Target', 8920)",0.0265,0.001,-0.1
"('Target', 8923)",0.0147,0.0003,-0.9
"('Target', 8925)",0.0212,0.0007,-0.4
"('Target', 8928)",0.0119,0.0002,-1.3
"('Target', 8929)",0.0198,0.0007,-0.1
"('Target', 8934)",0.0132,0.0003,-0.3
"('Target', 8935)",0.0127,0.0002,-1.5
"('Target', 8999)",0.013,0.0005,-0.5
"('Target', 9001)",0.0124,0.0002,-0.5
"('Target', 9003)",0.014,0.0003,-0.6
"('Target', 9005)",0.0144,0.0003,-0.4
"('Target', 9006)",0.0152,0.0004,-0.6
"('Target', 9007)",0.0179,0.0005,-0.3
"('Target', 9008)",0.0171,0.0005,-0.2
"('Target', 9009)",0.0193,0.0006,-0.4
"('Target', 9010)",0.0206,0.0007,-0.6
"('Target', 9014)",0.0085,0.0001,-1.7
"('Target', 9020)",0.013,0.0003,-0.1
"('Target', 9021)",0.0149,0.0004,-0.4
"('Target', 9022)",0.0137,0.0003,-0.3
"('Target', 9024)",0.0199,0.0006,-0.4
"('Target', 9025)",0.017,0.0004,-0.5
"('Target', 9028)",0.0094,0.0001,-2.8
"('Target', 9031)",0.0153,0.0003,-0.7
"('Target', 9033)",0.0105,0.0002,-1.4
"('Target', 9037)",0.0129,0.0003,-0.8
"('Target', 9039)",0.0129,0.0003,-1.0
"('Target', 9041)",0.0137,0.0003,-0.2
"('Target', 9042)",0.015,0.0004,-0.8
"('Target', 9044)",0.0137,0.0003,-1.0
"('Target', 9045)",0.0165,0.0005,-0.2
"('Target', 9046)",0.0134,0.0003,-0.4
"('Target', 9048)",0.0163,0.0005,-0.2
"('Target', 9052)",0.0104,0.0002,-1.5
"('Target', 9055)",0.0162,0.0004,-0.6
"('Target', 9057)",0.0112,0.0002,-0.4
"('Target', 9058)",0.0146,0.0004,-0.1
"('Target', 9064)",0.0165,0.0006,-0.4
"('Target', 9065)",0.0142,0.0004,-1.0
"('Target', 9066)",0.0181,0.0005,-0.7
"('Target', 9068)",0.0154,0.0004,-0.5
"('Target', 9069)",0.0095,0.0002,-0.8
"('Target', 9070)",0.0195,0.0006,-0.4
"('Target', 9072)",0.0132,0.0003,-0.5
"('Target', 9075)",0.0165,0.0004,-0.4
"('Target', 9076)",0.0129,0.0003,-0.6
"('Target', 9081)",0.012,0.0002,-0.8
"('Target', 9083)",0.0096,0.0001,-2.7
"('Target', 9086)",0.0186,0.0006,-0.3
"('Target', 9090)",0.0231,0.0008,-0.2
"('Target', 9099)",0.0198,0.0007,-0.5
"('Target', 9101)",0.0246,0.001,-0.2
"('Target', 9104)",0.0242,0.0011,-0.2
"('Target', 9107)",0.035,0.0022,-0.0
"('Target', 9110)",0.027,0.0012,-0.3
"('Target', 9115)",0.0266,0.0013,-0.1
"('Target', 9119)",0.0214,0.0012,-0.1
"('Target', 9142)",0.0156,0.0004,-1.1
"('Target', 9143)",0.0173,0.0004,-0.0
"('Target', 9201)",0.0188,0.0005,-0.3
"('Target', 9202)",0.0169,0.0005,-0.3
"('Target', 9232)",0.0122,0.0003,-0.3
"('Target', 9233)",0.0147,0.0003,-0.5
"('Target', 9260)",0.0214,0.0007,-0.3
"('Target', 9267)",0.0267,0.0014,-0.1
"('Target', 9270)",0.0356,0.0022,-0.2
"('Target', 9273)",0.0181,0.0006,-0.2
"('Target', 9274)",0.0178,0.0005,-0.1
"('Target', 9278)",0.009,0.0001,-0.8
"('Target', 9279)",0.0236,0.001,-0.2
"('Target', 9301)",0.0124,0.0002,-0.7
"('Target', 9302)",0.0141,0.0003,-0.3
"('Target', 9303)",0.0146,0.0003,-0.8
"('Target', 9304)",0.0144,0.0003,-0.3
"('Target', 9305)",0.0139,0.0003,-0.6
"('Target', 9308)",0.0323,0.0024,-0.1
"('Target', 9310)",0.0231,0.0009,-0.3
"('Target', 9319)",0.0113,0.0002,-0.9
"('Target', 9324)",0.0107,0.0002,-1.4
"('Target', 9364)",0.0115,0.0002,-0.6
"('Target', 9368)",0.0092,0.0002,-0.2
"('Target', 9369)",0.0147,0.0003,-0.6
"('Target', 9375)",0.0176,0.0004,-0.1
"('Target', 9381)",0.0186,0.0005,-0.1
"('Target', 9384)",0.0183,0.0006,-0.4
"('Target', 9386)",0.0211,0.0007,-0.0
"('Target', 9401)",0.0177,0.0005,-0.5
"('Target', 9404)",0.0156,0.0004,-0.6
"('Target', 9405)",0.0131,0.0004,-0.1
"('Target', 9409)",0.0124,0.0003,-0.2
"('Target', 9412)",0.0116,0.0002,-0.8
"('Target', 9413)",0.0139,0.0003,-0.6
"('Target', 9414)",0.0095,0.0001,-3.3
"('Target', 9416)",0.0301,0.0013,-0.4
"('Target', 9418)",0.0274,0.0012,-0.2
"('Target', 9422)",0.014,0.0003,-0.4
"('Target', 9424)",0.0236,0.001,-0.0
"('Target', 9432)",0.0112,0.0002,-1.2
"('Target', 9433)",0.0126,0.0002,-0.9
"('Target', 9434)",0.0116,0.0002,-2.2
"('Target', 9435)",0.018,0.0005,-0.1
"('Target', 9436)",0.0107,0.0002,-1.0
"('Target', 9438)",0.02,0.0006,-0.3
"('Target', 9441)",0.0167,0.0005,-0.5
"('Target', 9449)",0.0185,0.0007,-0.1
"('Target', 9450)",0.0328,0.0018,-0.2
"('Target', 9467)",0.0237,0.0009,0.0
"('Target', 9468)",0.0289,0.0012,-0.1
"('Target', 9470)",0.0157,0.0004,-0.3
"('Target', 9474)",0.018,0.0005,-0.6
"('Target', 9501)",0.019,0.0007,-0.3
"('Target', 9502)",0.0107,0.0003,-0.3
"('Target', 9503)",0.0115,0.0002,-0.7
"('Target', 9504)",0.0143,0.0003,-1.0
"('Target', 9505)",0.0124,0.0003,-0.7
"('Target', 9506)",0.0121,0.0003,-0.4
"('Target', 9507)",0.0138,0.0003,-0.6
"('Target', 9508)",0.0137,0.0003,-1.0
"('Target', 9509)",0.0093,0.0002,-0.5
"('Target', 9511)",0.0106,0.0002,-1.6
"('Target', 9513)",0.0163,0.0008,-0.1
"('Target', 9517)",0.024,0.0011,-0.1
"('Target', 9519)",0.0421,0.0047,-0.1
"('Target', 9531)",0.0128,0.0003,-0.8
"('Target', 9532)",0.0114,0.0002,-1.0
"('Target', 9533)",0.0184,0.0007,-0.3
"('Target', 9534)",0.0095,0.0001,-1.4
"('Target', 9535)",0.012,0.0002,-1.5
"('Target', 9536)",0.0152,0.0004,-0.3
"('Target', 9537)",0.0103,0.0002,-0.9
"('Target', 9539)",0.0181,0.0006,-0.3
"('Target', 9543)",0.0157,0.0004,-0.3
"('Target', 9551)",0.0149,0.0004,-0.0
"('Target', 9600)",0.0142,0.0003,-0.5
"('Target', 9601)",0.0192,0.0006,-0.2
"('Target', 9602)",0.017,0.0005,-0.7
"('Target', 9603)",0.0276,0.0013,-0.2
"('Target', 9605)",0.0187,0.0005,-0.3
"('Target', 9612)",0.0148,0.0004,-1.1
"('Target', 9613)",0.018,0.0005,-0.3
"('Target', 9616)",0.0191,0.0006,-0.2
"('Target', 9619)",0.0167,0.0005,-1.3
"('Target', 9621)",0.0179,0.0006,-0.6
"('Target', 9622)",0.0156,0.0004,-0.2
"('Target', 9627)",0.0168,0.0004,-0.4
"('Target', 9628)",0.0188,0.0006,-0.4
"('Target', 9629)",0.0269,0.0011,-0.1
"('Target', 9631)",0.0114,0.0002,-2.3
"('Target', 9632)",0.0158,0.0004,-0.8
"('Target', 9639)",0.0092,0.0001,-0.5
"('Target', 9640)",0.0118,0.0002,-0.3
"('Target', 9641)",0.0188,0.0007,-0.3
"('Target', 9658)",0.0289,0.0015,-0.1
"('Target', 9661)",0.009,0.0001,-2.6
"('Target', 9663)",0.0216,0.0007,-0.2
"('Target', 9672)",0.0178,0.0005,-0.2
"('Target', 9678)",0.0134,0.0003,-0.8
"('Target', 9682)",0.0151,0.0004,-0.5
"('Target', 9684)",0.0212,0.0007,-0.3
"('Target', 9687)",0.0106,0.0002,-0.9
"('Target', 9692)",0.0198,0.0009,-0.2
"('Target', 9697)",0.0195,0.0006,-0.2
"('Target', 9699)",0.0132,0.0003,-0.3
"('Target', 9706)",0.0246,0.0009,-0.2
"('Target', 9708)",0.0082,0.0001,-2.3
"('Target', 9715)",0.0178,0.0006,-0.2
"('Target', 9716)",0.0208,0.0007,-0.2
"('Target', 9717)",0.0143,0.0003,-1.2
"('Target', 9719)",0.0175,0.0004,-0.5
"('Target', 9722)",0.0198,0.0007,-0.4
"('Target', 9726)",0.0214,0.0007,0.1
"('Target', 9728)",0.0126,0.0003,-0.9
"('Target', 9729)",0.0127,0.0003,-0.3
"('Target', 9733)",0.0113,0.0002,-0.9
"('Target', 9735)",0.0139,0.0003,-1.0
"('Target', 9739)",0.0131,0.0003,0.0
"('Target', 9740)",0.0205,0.0006,-0.6
"('Target', 9742)",0.0153,0.0004,-0.6
"('Target', 9743)",0.0144,0.0003,-0.1
"('Target', 9744)",0.0145,0.0004,-0.7
"('Target', 9746)",0.015,0.0003,-0.2
"('Target', 9749)",0.0169,0.0004,-0.4
"('Target', 9755)",0.0158,0.0005,-0.1
"('Target', 9757)",0.0183,0.0005,-0.1
"('Target', 9759)",0.0151,0.0004,-0.6
"('Target', 9766)",0.0226,0.0009,-0.1
"('Target', 9769)",0.0136,0.0003,-1.1
"('Target', 9783)",0.0133,0.0003,-0.1
"('Target', 9787)",0.0164,0.0004,-0.5
"('Target', 9788)",0.0092,0.0001,-2.0
"('Target', 9790)",0.0177,0.0005,-0.2
"('Target', 9793)",0.0196,0.0007,-0.2
"('Target', 9795)",0.0163,0.0004,-0.7
"('Target', 9810)",0.0131,0.0003,-0.9
"('Target', 9823)",0.0082,0.0001,-5.8
"('Target', 9824)",0.0232,0.0008,-0.2
"('Target', 9828)",0.0119,0.0003,-0.8
"('Target', 9830)",0.0145,0.0004,-0.6
"('Target', 9831)",0.0147,0.0003,-0.9
"('Target', 9832)",0.0108,0.0002,-2.3
"('Target', 9837)",0.0185,0.0005,-0.4
"('Target', 9842)",0.0172,0.0004,-0.4
"('Target', 9843)",0.0147,0.0004,-0.2
"('Target', 9850)",0.0128,0.0003,-1.6
"('Target', 9856)",0.0198,0.0007,-0.1
"('Target', 9861)",0.0134,0.0002,-0.8
"('Target', 9869)",0.0102,0.0002,-0.0
"('Target', 9873)",0.0108,0.0002,-3.2
"('Target', 9880)",0.0153,0.0004,-0.2
"('Target', 9882)",0.0131,0.0003,-1.2
"('Target', 9887)",0.0098,0.0001,-1.2
"('Target', 9889)",0.0153,0.0004,-0.4
"('Target', 9896)",0.0211,0.0009,-0.1
"('Target', 9900)",0.0145,0.0005,-0.7
"('Target', 9902)",0.018,0.0005,-0.5
"('Target', 9903)",0.025,0.0011,-0.5
"('Target', 9906)",0.0116,0.0002,-0.9
"('Target', 9919)",0.0207,0.0013,-0.1
"('Target', 9928)",0.017,0.0005,-0.1
"('Target', 9932)",0.0216,0.0007,-0.4
"('Target', 9934)",0.0119,0.0002,-0.9
"('Target', 9936)",0.0091,0.0001,-0.9
"('Target', 9945)",0.0111,0.0002,-0.9
"('Target', 9946)",0.0099,0.0001,-0.6
"('Target', 9948)",0.0119,0.0003,-0.4
"('Target', 9955)",0.0088,0.0001,-5.3
"('Target', 9956)",0.0121,0.0002,-0.4
"('Target', 9960)",0.0156,0.0004,-0.4
"('Target', 9962)",0.0213,0.0006,-0.3
"('Target', 9974)",0.0147,0.0003,-0.5
"('Target', 9977)",0.008,0.0001,-3.1
"('Target', 9979)",0.0116,0.0002,-0.8
"('Target', 9982)",0.0204,0.0007,-0.2
"('Target', 9983)",0.0195,0.0006,-0.3
"('Target', 9984)",0.0198,0.0007,0.0
"('Target', 9987)",0.0135,0.0003,-0.6
"('Target', 9989)",0.0126,0.0002,-0.7
"('Target', 9990)",0.0109,0.0002,-0.6
"('Target', 9991)",0.0125,0.0002,-1.0
"('Target', 9993)",0.0105,0.0002,-0.9
"('Target', 9994)",0.0086,0.0001,-1.2
"('Target', 9997)",0.0161,0.0004,-0.4
